-- phpMyAdmin SQL Dump
-- version 4.9.1
-- https://www.phpmyadmin.net/
--
-- Host: 127.0.0.1
-- Generation Time: Feb 26, 2020 at 02:50 PM
-- Server version: 10.4.8-MariaDB
-- PHP Version: 7.3.10

SET SQL_MODE = "NO_AUTO_VALUE_ON_ZERO";
SET AUTOCOMMIT = 0;
START TRANSACTION;
SET time_zone = "+00:00";


/*!40101 SET @OLD_CHARACTER_SET_CLIENT=@@CHARACTER_SET_CLIENT */;
/*!40101 SET @OLD_CHARACTER_SET_RESULTS=@@CHARACTER_SET_RESULTS */;
/*!40101 SET @OLD_COLLATION_CONNECTION=@@COLLATION_CONNECTION */;
/*!40101 SET NAMES utf8mb4 */;

--
-- Database: `db_prediksikelulusan`
--

-- --------------------------------------------------------

--
-- Table structure for table `failed_jobs`
--

CREATE TABLE `failed_jobs` (
  `id` bigint(20) UNSIGNED NOT NULL,
  `connection` text COLLATE utf8mb4_unicode_ci NOT NULL,
  `queue` text COLLATE utf8mb4_unicode_ci NOT NULL,
  `payload` longtext COLLATE utf8mb4_unicode_ci NOT NULL,
  `exception` longtext COLLATE utf8mb4_unicode_ci NOT NULL,
  `failed_at` timestamp NOT NULL DEFAULT current_timestamp()
) ENGINE=InnoDB DEFAULT CHARSET=utf8mb4 COLLATE=utf8mb4_unicode_ci;

-- --------------------------------------------------------

--
-- Table structure for table `migrations`
--

CREATE TABLE `migrations` (
  `id` int(10) UNSIGNED NOT NULL,
  `migration` varchar(255) COLLATE utf8mb4_unicode_ci NOT NULL,
  `batch` int(11) NOT NULL
) ENGINE=InnoDB DEFAULT CHARSET=utf8mb4 COLLATE=utf8mb4_unicode_ci;

--
-- Dumping data for table `migrations`
--

INSERT INTO `migrations` (`id`, `migration`, `batch`) VALUES
(1, '2014_10_12_000000_create_users_table', 1),
(2, '2014_10_12_100000_create_password_resets_table', 1),
(3, '2019_08_19_000000_create_failed_jobs_table', 1),
(4, '2020_01_13_133848_create_notifications_table', 2);

-- --------------------------------------------------------

--
-- Table structure for table `notifications`
--

CREATE TABLE `notifications` (
  `id` char(36) COLLATE utf8mb4_unicode_ci NOT NULL,
  `type` varchar(255) COLLATE utf8mb4_unicode_ci NOT NULL,
  `notifiable_type` varchar(255) COLLATE utf8mb4_unicode_ci NOT NULL,
  `notifiable_id` bigint(20) UNSIGNED NOT NULL,
  `data` text COLLATE utf8mb4_unicode_ci NOT NULL,
  `read_at` timestamp NULL DEFAULT NULL,
  `created_at` timestamp NULL DEFAULT NULL,
  `updated_at` timestamp NULL DEFAULT NULL
) ENGINE=InnoDB DEFAULT CHARSET=utf8mb4 COLLATE=utf8mb4_unicode_ci;

-- --------------------------------------------------------

--
-- Table structure for table `password_resets`
--

CREATE TABLE `password_resets` (
  `email` varchar(255) COLLATE utf8mb4_unicode_ci NOT NULL,
  `token` varchar(255) COLLATE utf8mb4_unicode_ci NOT NULL,
  `created_at` timestamp NULL DEFAULT NULL
) ENGINE=InnoDB DEFAULT CHARSET=utf8mb4 COLLATE=utf8mb4_unicode_ci;

-- --------------------------------------------------------

--
-- Table structure for table `tbl_mahasiswa`
--

CREATE TABLE `tbl_mahasiswa` (
  `id` int(11) NOT NULL,
  `Nim` varchar(20) NOT NULL,
  `Nama_mhs` varchar(250) NOT NULL,
  `Jk` varchar(10) NOT NULL,
  `Ip_S1` varchar(25) NOT NULL,
  `Ip_S2` varchar(25) NOT NULL,
  `Ip_S3` varchar(25) NOT NULL,
  `Ip_S4` varchar(25) NOT NULL,
  `Ip_S5` varchar(25) NOT NULL,
  `Ipk` varchar(25) NOT NULL,
  `Ket_lulus` varchar(20) DEFAULT NULL,
  `updated_at` datetime NOT NULL,
  `created_at` datetime NOT NULL
) ENGINE=InnoDB DEFAULT CHARSET=utf8mb4;

--
-- Dumping data for table `tbl_mahasiswa`
--

INSERT INTO `tbl_mahasiswa` (`id`, `Nim`, `Nama_mhs`, `Jk`, `Ip_S1`, `Ip_S2`, `Ip_S3`, `Ip_S4`, `Ip_S5`, `Ipk`, `Ket_lulus`, `updated_at`, `created_at`) VALUES
(1, '910510001', 'DEWI APRIANI', 'P', '3.06', '3.16', '3.17', '3.17', '3.17', '3.15', 'Tepat Waktu', '0000-00-00 00:00:00', '0000-00-00 00:00:00'),
(2, '910510002', 'AHMAD KASPUL ASROR', 'L', '2.43', '2.61', '2.49', '2.64', '2.67', '2.58', 'Tidak Tepat Waktu', '0000-00-00 00:00:00', '0000-00-00 00:00:00'),
(3, '910510003', 'CATUR KURNIATI', 'P', '3.41', '3.43', '3.43', '3.44', '3.44', '3.44', 'Tepat Waktu', '0000-00-00 00:00:00', '0000-00-00 00:00:00'),
(4, '910510017', 'SUKMA IZZAYATI', 'P', '3.50', '3.53', '3.54', '3.53', '3.53', '3.53', 'Tepat Waktu', '0000-00-00 00:00:00', '0000-00-00 00:00:00'),
(5, '910520019', 'DUDIEK MUHYAR TALEN', 'L', '2.07', '2.22', '2.29', '2.40', '2.32', '2.27', 'Tidak Tepat Waktu', '0000-00-00 00:00:00', '0000-00-00 00:00:00'),
(6, '910520020', 'LALU RAY  RAMADH SUGARA', 'L', '2.62', '2.71', '2.71', '2.88', '2.86', '2.76', 'Tidak Tepat Waktu', '0000-00-00 00:00:00', '0000-00-00 00:00:00'),
(7, '910520023', 'YUSUF HAMDANI', 'L', '2.10', '2.36', '2.36', '2.51', '2.55', '2.39', 'Tidak Tepat Waktu', '0000-00-00 00:00:00', '0000-00-00 00:00:00'),
(8, '910520024', 'KI AGUS REZA FIRMAN PRATAMA', 'L', '2.31', '2.45', '2.45', '2.64', '2.64', '2.51', 'Tidak Tepat Waktu', '0000-00-00 00:00:00', '0000-00-00 00:00:00'),
(9, '910520026', 'ANDI SASNOPIAN', 'L', '3.03', '3.07', '3.09', '3.13', '3.13', '3.09', 'Tepat Waktu', '0000-00-00 00:00:00', '0000-00-00 00:00:00'),
(10, '910520027', 'EDDY SATRIAWAN', 'L', '2.62', '2.81', '2.79', '2.87', '2.86', '2.80', 'Tidak Tepat Waktu', '0000-00-00 00:00:00', '0000-00-00 00:00:00'),
(11, '910520030', 'I WAYAN EKA DHARMA', 'L', '3.42', '3.44', '3.44', '3.38', '3.38', '3.41', 'Tepat Waktu', '0000-00-00 00:00:00', '0000-00-00 00:00:00'),
(12, '910520033', 'IRFAN MAULANA', 'L', '2.93', '2.95', '2.96', '3.03', '3.03', '2.99', 'Tepat Waktu', '0000-00-00 00:00:00', '0000-00-00 00:00:00'),
(13, '910520037', 'KADEK SUANDRA', 'L', '2.48', '2.60', '2.61', '2.74', '2.72', '2.64', 'Tidak Tepat Waktu', '0000-00-00 00:00:00', '0000-00-00 00:00:00'),
(14, '910520038', 'ISMAIL SHOLEH', 'L', '2.16', '2.35', '2.25', '2.42', '2.50', '2.34', 'Tidak Tepat Waktu', '0000-00-00 00:00:00', '0000-00-00 00:00:00'),
(15, '910520048', 'JUNAEDI', 'L', '2.90', '2.97', '2.97', '2.99', '2.99', '2.97', 'Tidak Tepat Waktu', '0000-00-00 00:00:00', '0000-00-00 00:00:00'),
(16, '910520049', 'EZAR MARLIAWAN', 'L', '2.23', '2.39', '2.27', '2.44', '2.49', '2.37', 'Tidak Tepat Waktu', '0000-00-00 00:00:00', '0000-00-00 00:00:00'),
(17, '910520053', 'ROBBY PANJIE JAYA P', 'L', '2.36', '2.59', '2.62', '2.75', '2.75', '2.62', 'Tidak Tepat Waktu', '0000-00-00 00:00:00', '0000-00-00 00:00:00'),
(18, '910520056', 'NOVI  PERMATASARI', 'P', '2.20', '2.19', '2.08', '2.16', '2.15', '2.16', 'Tidak Tepat Waktu', '0000-00-00 00:00:00', '0000-00-00 00:00:00'),
(19, '910520057', 'LALU SUHERMAN PRAYATNA', 'L', '2.80', '2.94', '2.95', '3.06', '3.06', '2.97', 'Tepat Waktu', '0000-00-00 00:00:00', '0000-00-00 00:00:00'),
(20, '910520058', 'MUH. IKROMI', 'L', '3.13', '3.11', '3.10', '3.10', '3.10', '3.11', 'Tepat Waktu', '0000-00-00 00:00:00', '0000-00-00 00:00:00'),
(21, '910520060', 'DIMAS FARID AWALUDIN', 'L', '3.03', '3.08', '3.08', '3.11', '3.11', '3.09', 'Tepat Waktu', '0000-00-00 00:00:00', '0000-00-00 00:00:00'),
(22, '910520062', 'PATHUL HILMI', 'L', '2.93', '3.04', '3.05', '3.09', '3.09', '3.05', 'Tepat Waktu', '0000-00-00 00:00:00', '0000-00-00 00:00:00'),
(23, '910520065', 'M HAFIZ  FAISAL', 'L', '3.14', '3.18', '3.17', '3.18', '3.18', '3.17', 'Tepat Waktu', '0000-00-00 00:00:00', '0000-00-00 00:00:00'),
(24, '910520067', 'LALU ALUN SATRIA', 'L', '2.68', '2.99', '2.92', '2.99', '2.99', '2.92', 'Tepat Waktu', '0000-00-00 00:00:00', '0000-00-00 00:00:00'),
(25, '910520070', 'MARDIANSYAH', 'L', '2.80', '2.88', '2.83', '2.89', '2.89', '2.86', 'Tepat Waktu', '0000-00-00 00:00:00', '0000-00-00 00:00:00'),
(26, '910530074', 'FARIDA KUSUMA', 'P', '3.05', '3.08', '3.08', '3.14', '3.14', '3.10', 'Tepat Waktu', '0000-00-00 00:00:00', '0000-00-00 00:00:00'),
(27, '910530075', 'MUH. SUPRIYADI PARSI PUTRA', 'L', '2.96', '2.96', '2.95', '2.96', '2.96', '2.96', 'Tidak Tepat Waktu', '0000-00-00 00:00:00', '0000-00-00 00:00:00'),
(28, '910510079', 'M. DZIKRUL FATHONI', 'L', '2.11', '2.29', '2.27', '2.34', '2.30', '2.27', 'Tidak Tepat Waktu', '0000-00-00 00:00:00', '0000-00-00 00:00:00'),
(29, '910510084', 'FRANDI PRAMEDITYA', 'L', '2.91', '2.66', '2.62', '2.84', '2.83', '2.78', 'Tidak Tepat Waktu', '0000-00-00 00:00:00', '0000-00-00 00:00:00'),
(30, '910510092', 'TRISNA SURYA WINDYAWAN', 'L', '2.74', '2.85', '2.85', '3.00', '3.00', '2.90', 'Tepat Waktu', '0000-00-00 00:00:00', '0000-00-00 00:00:00'),
(31, '910510093', 'ROZAQ APRIYANTO', 'L', '2.54', '2.64', '2.60', '2.60', '2.60', '2.60', 'Tidak Tepat Waktu', '0000-00-00 00:00:00', '0000-00-00 00:00:00'),
(32, '910510094', 'APRIAWAN ROSADI', 'L', '2.77', '2.79', '2.81', '2.83', '2.83', '2.81', 'Tidak Tepat Waktu', '0000-00-00 00:00:00', '0000-00-00 00:00:00'),
(33, '910510097', 'LUCY ADELINA', 'P', '2.76', '2.80', '2.84', '2.85', '2.85', '2.83', 'Tidak Tepat Waktu', '0000-00-00 00:00:00', '0000-00-00 00:00:00'),
(34, '910510099', 'NURUL WAHID', 'L', '2.51', '2.69', '2.73', '3.28', '2.83', '2.82', 'Tidak Tepat Waktu', '0000-00-00 00:00:00', '0000-00-00 00:00:00'),
(35, '910520103', 'SUPRIANTO', 'L', '2.31', '2.58', '2.51', '2.50', '2.48', '2.48', 'Tidak Tepat Waktu', '0000-00-00 00:00:00', '0000-00-00 00:00:00'),
(36, '910520112', 'MUNAWIR ZAMANHUDI', 'L', '2.59', '2.66', '2.63', '2.53', '2.55', '2.59', 'Tidak Tepat Waktu', '0000-00-00 00:00:00', '0000-00-00 00:00:00'),
(37, '910520116', 'SYAIFUL BAHRI', 'L', '2.69', '2.73', '2.77', '2.80', '2.80', '2.76', 'Tidak Tepat Waktu', '0000-00-00 00:00:00', '0000-00-00 00:00:00'),
(38, '910520119', 'RONI MEIWARDANI', 'L', '1.20', '1.64', '1.78', '2.01', '2.31', '1.81', 'Tidak Tepat Waktu', '0000-00-00 00:00:00', '0000-00-00 00:00:00'),
(39, '910520121', 'NIZAR SALIM', 'L', '2.63', '2.67', '2.65', '2.64', '2.66', '2.65', 'Tidak Tepat Waktu', '0000-00-00 00:00:00', '0000-00-00 00:00:00'),
(40, '910520128', 'HIDAYATULLAH', 'L', '2.70', '2.75', '2.67', '2.77', '2.77', '2.74', 'Tidak Tepat Waktu', '0000-00-00 00:00:00', '0000-00-00 00:00:00'),
(41, '910520134', 'WAYAN KARTIKA SATYANA P', 'L', '2.91', '2.96', '2.95', '2.99', '2.99', '2.97', 'Tidak Tepat Waktu', '0000-00-00 00:00:00', '0000-00-00 00:00:00'),
(42, '910520141', 'DEDY  HERMAN', 'L', '1.70', '2.11', '2.21', '2.10', '2.08', '2.05', 'Tidak Tepat Waktu', '0000-00-00 00:00:00', '0000-00-00 00:00:00'),
(43, '910520146', 'AHMAD', 'L', '2.55', '2.57', '2.56', '2.63', '2.63', '2.59', 'Tidak Tepat Waktu', '0000-00-00 00:00:00', '0000-00-00 00:00:00'),
(44, '910520147', 'FAWAS ZIKRILLAH', 'L', '2.54', '2.65', '2.64', '2.74', '2.74', '2.67', 'Tidak Tepat Waktu', '0000-00-00 00:00:00', '0000-00-00 00:00:00'),
(45, '910520148', 'I GEDE DEDDY PREMARTHA SUNU', 'L', '3.14', '3.10', '3.07', '3.05', '3.05', '3.09', 'Tepat Waktu', '0000-00-00 00:00:00', '0000-00-00 00:00:00'),
(46, '910520149', 'ABDURRAHMAN LABISANA', 'L', '2.65', '2.70', '2.73', '2.78', '2.78', '2.73', 'Tidak Tepat Waktu', '0000-00-00 00:00:00', '0000-00-00 00:00:00'),
(47, '910520152', 'NYOMAN BUDAYANTA', 'L', '2.66', '2.66', '2.66', '2.67', '2.67', '2.67', 'Tidak Tepat Waktu', '0000-00-00 00:00:00', '0000-00-00 00:00:00'),
(48, '910530155', 'RAHMAT HIDAYAT', 'L', '2.02', '2.01', '1.84', '1.92', '1.97', '1.96', 'Tidak Tepat Waktu', '0000-00-00 00:00:00', '0000-00-00 00:00:00'),
(49, '910530157', 'SAHBAN', 'L', '2.34', '2.51', '2.57', '2.61', '2.64', '2.54', 'Tidak Tepat Waktu', '0000-00-00 00:00:00', '0000-00-00 00:00:00'),
(50, '910530158', 'ANDRI AZAZI', 'L', '2.40', '2.68', '2.74', '2.77', '2.83', '2.69', 'Tidak Tepat Waktu', '0000-00-00 00:00:00', '0000-00-00 00:00:00'),
(51, '910530159', 'HAIDAR', 'L', '2.85', '2.87', '2.93', '2.98', '2.98', '2.93', 'Tidak Tepat Waktu', '0000-00-00 00:00:00', '0000-00-00 00:00:00'),
(52, '910530160', 'HASANUDIN', 'L', '2.66', '2.66', '2.71', '2.71', '2.71', '2.69', 'Tidak Tepat Waktu', '0000-00-00 00:00:00', '0000-00-00 00:00:00'),
(53, '910530161', 'MUHAMAD WAHYUDI', 'L', '2.86', '2.86', '2.89', '2.94', '2.94', '2.90', 'Tidak Tepat Waktu', '0000-00-00 00:00:00', '0000-00-00 00:00:00'),
(54, '910530163', 'M. JAUHARI ASLAM', 'L', '2.81', '2.89', '2.91', '2.98', '2.98', '2.92', 'Tidak Tepat Waktu', '0000-00-00 00:00:00', '0000-00-00 00:00:00'),
(55, '910530164', 'MASTURIANTO', 'L', '2.64', '2.71', '2.68', '2.81', '2.81', '2.74', 'Tidak Tepat Waktu', '0000-00-00 00:00:00', '0000-00-00 00:00:00'),
(56, '910530167', 'WAYAN DARMAWAN', 'L', '3.17', '3.18', '3.21', '3.20', '3.20', '3.20', 'Tepat Waktu', '0000-00-00 00:00:00', '0000-00-00 00:00:00'),
(57, '910530169', 'QOMARUDIN PRAYADI', 'L', '2.56', '2.59', '2.45', '2.61', '2.65', '2.58', 'Tidak Tepat Waktu', '0000-00-00 00:00:00', '0000-00-00 00:00:00'),
(58, '910530171', 'SYARIF HIDAYATULLAH', 'L', '2.42', '2.58', '2.60', '2.78', '2.78', '2.64', 'Tidak Tepat Waktu', '0000-00-00 00:00:00', '0000-00-00 00:00:00'),
(59, '910530172', 'YERMIA DAVID WOHON', 'L', '2.69', '2.69', '2.66', '2.73', '2.71', '2.70', 'Tidak Tepat Waktu', '0000-00-00 00:00:00', '0000-00-00 00:00:00'),
(60, '910530174', 'MULIANAH', 'P', '2.31', '2.45', '2.47', '2.50', '2.50', '2.45', 'Tidak Tepat Waktu', '0000-00-00 00:00:00', '0000-00-00 00:00:00'),
(61, '910530175', 'ANDRESON OPA APRIYANTO RANO', 'L', '2.64', '2.66', '2.66', '2.70', '2.73', '2.68', 'Tidak Tepat Waktu', '0000-00-00 00:00:00', '0000-00-00 00:00:00'),
(62, '910530176', 'KUSWADI', 'L', '2.26', '2.40', '2.38', '2.53', '2.54', '2.43', 'Tidak Tepat Waktu', '0000-00-00 00:00:00', '0000-00-00 00:00:00'),
(63, '910530182', 'DEWA DWI ANA', 'L', '3.34', '3.33', '3.34', '3.34', '3.34', '3.34', 'Tepat Waktu', '0000-00-00 00:00:00', '0000-00-00 00:00:00'),
(64, '910530184', 'HAMDANI', 'L', '2.36', '2.44', '2.49', '2.59', '2.60', '2.50', 'Tidak Tepat Waktu', '0000-00-00 00:00:00', '0000-00-00 00:00:00'),
(65, '910530186', 'AHMAD MASTUR', 'L', '2.35', '2.49', '2.58', '2.64', '2.62', '2.54', 'Tidak Tepat Waktu', '0000-00-00 00:00:00', '0000-00-00 00:00:00'),
(66, '910530188', 'MOH. FAJRIADY GUNARTHA', 'L', '2.49', '2.66', '2.65', '2.69', '2.71', '2.65', 'Tidak Tepat Waktu', '0000-00-00 00:00:00', '0000-00-00 00:00:00'),
(67, '910530189', 'PUTU EKA GUNADI', 'L', '2.45', '2.53', '2.55', '2.49', '2.34', '2.47', 'Tidak Tepat Waktu', '0000-00-00 00:00:00', '0000-00-00 00:00:00'),
(68, '910530191', 'ANDI RIANTO', 'L', '3.09', '3.18', '3.16', '3.16', '3.16', '3.15', 'Tepat Waktu', '0000-00-00 00:00:00', '0000-00-00 00:00:00'),
(69, '910530194', 'AHMAD TAUHID', 'L', '3.04', '2.94', '2.93', '2.94', '2.94', '2.96', 'Tidak Tepat Waktu', '0000-00-00 00:00:00', '0000-00-00 00:00:00'),
(70, '910530196', 'NILNA PADLIATI', 'P', '3.40', '3.33', '3.33', '3.36', '3.36', '3.36', 'Tepat Waktu', '0000-00-00 00:00:00', '0000-00-00 00:00:00'),
(71, '910530221', 'FAUZI EFENDI', 'L', '1.94', '2.01', '2.03', '2.17', '2.16', '2.07', 'Tidak Tepat Waktu', '0000-00-00 00:00:00', '0000-00-00 00:00:00'),
(72, '910530222', 'HASAN BASRI', 'L', '2.70', '2.78', '2.94', '3.09', '3.09', '2.93', 'Tepat Waktu', '0000-00-00 00:00:00', '0000-00-00 00:00:00'),
(73, '910530232', 'DEWA EKA PRADAMA PUTRA W', 'L', '2.48', '2.71', '2.64', '2.67', '2.66', '2.64', 'Tidak Tepat Waktu', '0000-00-00 00:00:00', '0000-00-00 00:00:00'),
(74, '910530234', 'MULYADI', 'L', '2.15', '2.35', '2.46', '2.66', '2.65', '2.46', 'Tidak Tepat Waktu', '0000-00-00 00:00:00', '0000-00-00 00:00:00'),
(75, '910530238', 'ZAENUDDIN', 'L', '1.92', '2.05', '2.13', '2.30', '2.31', '2.15', 'Tidak Tepat Waktu', '0000-00-00 00:00:00', '0000-00-00 00:00:00'),
(76, '910530250', 'LALU KARDI', 'L', '1.70', '1.78', '1.81', '2.08', '2.08', '1.90', 'Tidak Tepat Waktu', '0000-00-00 00:00:00', '0000-00-00 00:00:00'),
(77, '910530253', 'I GD PERMANA', 'L', '1.62', '1.70', '1.69', '2.02', '2.25', '1.87', 'Tidak Tepat Waktu', '0000-00-00 00:00:00', '0000-00-00 00:00:00'),
(78, '910530256', 'RAHMAT HIDAYAT', 'L', '2.52', '2.48', '2.54', '2.54', '2.54', '2.53', 'Tidak Tepat Waktu', '0000-00-00 00:00:00', '0000-00-00 00:00:00'),
(79, '910530259', 'RAHMAT AZIZI', 'L', '3.84', '3.02', '3.03', '3.07', '3.07', '3.20', 'Tepat Waktu', '0000-00-00 00:00:00', '0000-00-00 00:00:00'),
(80, '910530261', 'L. ANDI AZMI WIJAYA', 'L', '2.26', '2.36', '2.43', '2.54', '2.56', '2.44', 'Tidak Tepat Waktu', '0000-00-00 00:00:00', '0000-00-00 00:00:00'),
(81, '910530263', 'KHALIK AKBAR SANUSI', 'L', '2.20', '2.23', '2.22', '2.34', '2.37', '2.28', 'Tidak Tepat Waktu', '0000-00-00 00:00:00', '0000-00-00 00:00:00'),
(82, '910530269', 'SAHRIZAL MUZAKI', 'L', '2.53', '2.55', '2.56', '2.54', '2.53', '2.55', 'Tidak Tepat Waktu', '0000-00-00 00:00:00', '0000-00-00 00:00:00'),
(83, '910530273', 'M.GHIFARI ALHAMDANI', 'L', '2.10', '2.02', '1.92', '1.87', '1.84', '1.95', 'Tidak Tepat Waktu', '0000-00-00 00:00:00', '0000-00-00 00:00:00'),
(84, '910530276', 'I MADE SURYAHADI KUSUMA', 'L', '2.36', '2.33', '2.19', '2.41', '2.47', '2.36', 'Tidak Tepat Waktu', '0000-00-00 00:00:00', '0000-00-00 00:00:00'),
(85, '910530278', 'M. RIZA FAHLEFI', 'L', '1.89', '2.05', '1.98', '2.16', '2.23', '2.07', 'Tidak Tepat Waktu', '0000-00-00 00:00:00', '0000-00-00 00:00:00'),
(86, '910530282', 'ALFIAN CHANDRA', 'L', '2.35', '2.44', '2.53', '2.65', '2.60', '2.52', 'Tidak Tepat Waktu', '0000-00-00 00:00:00', '0000-00-00 00:00:00'),
(87, '910530283', 'CHANDRA LAKSAMANA', 'L', '1.89', '2.13', '2.16', '2.28', '2.35', '2.17', 'Tidak Tepat Waktu', '0000-00-00 00:00:00', '0000-00-00 00:00:00'),
(88, '1010510001', 'MEMET SANJAYA', 'L', '2.55', '2.52', '2.88', '2.93', '2.99', '2.78', 'Tidak Tepat Waktu', '0000-00-00 00:00:00', '0000-00-00 00:00:00'),
(89, '1010510002', 'FITRIA RAHMAWATI', 'P', '3.16', '3.10', '3.27', '3.29', '3.33', '3.24', 'Tepat Waktu', '0000-00-00 00:00:00', '0000-00-00 00:00:00'),
(90, '1010510003', 'WANDI AGUS HAMDANI', 'L', '2.01', '2.12', '2.22', '2.40', '2.51', '2.26', 'Tidak Tepat Waktu', '0000-00-00 00:00:00', '0000-00-00 00:00:00'),
(91, '1010510006', 'LAHMUDDIN', 'L', '1.62', '1.70', '1.87', '2.01', '2.14', '1.88', 'Tidak Tepat Waktu', '0000-00-00 00:00:00', '0000-00-00 00:00:00'),
(92, '1010510011', 'ZEIN', 'L', '2.94', '2.86', '3.04', '3.17', '3.19', '3.05', 'Tidak Tepat Waktu', '0000-00-00 00:00:00', '0000-00-00 00:00:00'),
(93, '1010510016', 'MUHAMMAD AMINULLAH', 'L', '2.33', '2.25', '2.31', '2.39', '2.47', '2.36', 'Tidak Tepat Waktu', '0000-00-00 00:00:00', '0000-00-00 00:00:00'),
(94, '1010510019', 'HENDRA', 'L', '2.63', '2.73', '2.77', '2.91', '2.97', '2.81', 'Tidak Tepat Waktu', '0000-00-00 00:00:00', '0000-00-00 00:00:00'),
(95, '1010510020', 'LALU RIZMAN HARIZ', 'L', '2.44', '2.54', '2.60', '2.52', '2.54', '2.53', 'Tidak Tepat Waktu', '0000-00-00 00:00:00', '0000-00-00 00:00:00'),
(96, '1010510021', 'AHMAD ASRII', 'L', '2.34', '2.36', '2.54', '2.59', '2.69', '2.51', 'Tidak Tepat Waktu', '0000-00-00 00:00:00', '0000-00-00 00:00:00'),
(97, '1010510022', 'AMINAH', 'P', '3.14', '3.13', '3.15', '3.16', '3.17', '3.15', 'Tepat Waktu', '0000-00-00 00:00:00', '0000-00-00 00:00:00'),
(98, '1010510026', 'SATRIAWAN', 'L', '2.70', '2.80', '2.83', '2.93', '2.96', '2.85', 'Tidak Tepat Waktu', '0000-00-00 00:00:00', '0000-00-00 00:00:00'),
(99, '1010510028', 'RAHMAN HAKIM', 'L', '2.07', '2.00', '2.09', '2.23', '2.31', '2.15', 'Tidak Tepat Waktu', '0000-00-00 00:00:00', '0000-00-00 00:00:00'),
(100, '1010510029', 'MUHAMAD IRHAM', 'L', '2.53', '2.39', '2.56', '2.53', '2.50', '2.50', 'Tidak Tepat Waktu', '0000-00-00 00:00:00', '0000-00-00 00:00:00'),
(101, '1010510030', 'MIKAIL RANAFA', 'L', '2.83', '2.71', '2.92', '2.98', '3.04', '2.90', 'Tidak Tepat Waktu', '0000-00-00 00:00:00', '0000-00-00 00:00:00'),
(102, '1010510031', 'GUSTI BAGUS MAHENDRA W. TOTER', 'L', '3.10', '3.04', '3.17', '3.21', '3.22', '3.15', 'Tepat Waktu', '0000-00-00 00:00:00', '0000-00-00 00:00:00'),
(103, '1010510039', 'KURNIAWATI', 'P', '3.03', '2.88', '3.03', '3.10', '3.15', '3.04', 'Tepat Waktu', '0000-00-00 00:00:00', '0000-00-00 00:00:00'),
(104, '1010510043', 'BAIQ PRISKAWATI', 'P', '3.05', '3.09', '3.16', '3.22', '2.32', '2.96', 'Tidak Tepat Waktu', '0000-00-00 00:00:00', '0000-00-00 00:00:00'),
(105, '1010510045', 'SRI HANDAYANI', 'P', '3.09', '2.95', '3.21', '3.21', '3.23', '3.14', 'Tepat Waktu', '0000-00-00 00:00:00', '0000-00-00 00:00:00'),
(106, '1010510047', 'AZIS SATRIONO JP', 'L', '2.89', '2.83', '3.01', '3.01', '3.06', '2.97', 'Tidak Tepat Waktu', '0000-00-00 00:00:00', '0000-00-00 00:00:00'),
(107, '1010510052', 'SYAIFUDDIN AHMAD', 'L', '2.47', '2.49', '2.63', '2.66', '2.71', '2.60', 'Tidak Tepat Waktu', '0000-00-00 00:00:00', '0000-00-00 00:00:00'),
(108, '1010510053', 'AGUS PURNAWIRAWAN', 'L', '2.49', '2.31', '2.22', '2.34', '2.43', '2.36', 'Tidak Tepat Waktu', '0000-00-00 00:00:00', '0000-00-00 00:00:00'),
(109, '1010510056', 'AHMAD GURBANTARA', 'L', '2.73', '2.58', '2.63', '2.62', '2.64', '2.64', 'Tidak Tepat Waktu', '0000-00-00 00:00:00', '0000-00-00 00:00:00'),
(110, '1010510058', 'GUSTAO CHARDEA', 'L', '3.15', '3.27', '3.36', '3.36', '3.36', '3.31', 'Tepat Waktu', '0000-00-00 00:00:00', '0000-00-00 00:00:00'),
(111, '1010510059', 'DINI SANTOSO', 'L', '1.63', '2.73', '2.80', '2.83', '2.87', '2.59', 'Tidak Tepat Waktu', '0000-00-00 00:00:00', '0000-00-00 00:00:00'),
(112, '1010510062', 'SUHAEBATUL ISLAMIAH', 'P', '2.67', '2.85', '2.94', '2.96', '2.98', '2.89', 'Tidak Tepat Waktu', '0000-00-00 00:00:00', '0000-00-00 00:00:00'),
(113, '1010510063', 'REDI KUSNADI', 'L', '2.63', '2.59', '2.75', '2.79', '2.81', '2.72', 'Tidak Tepat Waktu', '0000-00-00 00:00:00', '0000-00-00 00:00:00'),
(114, '1010510065', 'ADITYA KRISTIANTO', 'L', '3.63', '3.60', '3.59', '3.60', '3.61', '3.61', 'Tepat Waktu', '0000-00-00 00:00:00', '0000-00-00 00:00:00'),
(115, '1010510066', 'TAUFIK RAHMAN', 'L', '2.05', '1.90', '1.98', '2.23', '2.42', '2.13', 'Tidak Tepat Waktu', '0000-00-00 00:00:00', '0000-00-00 00:00:00'),
(116, '1010510076', 'I MADE YUDARTANA', 'L', '2.41', '2.46', '2.69', '2.83', '2.89', '2.67', 'Tidak Tepat Waktu', '0000-00-00 00:00:00', '0000-00-00 00:00:00'),
(117, '1010510079', 'I MADE WIRA GARGITA', 'L', '2.34', '2.48', '2.72', '2.82', '2.89', '2.66', 'Tidak Tepat Waktu', '0000-00-00 00:00:00', '0000-00-00 00:00:00'),
(118, '1010510080', 'ANDANG PRIYONO', 'L', '2.47', '2.34', '2.48', '2.50', '2.59', '2.48', 'Tidak Tepat Waktu', '0000-00-00 00:00:00', '0000-00-00 00:00:00'),
(119, '1010510083', 'ILHAM', 'L', '2.50', '2.39', '2.49', '3.05', '2.60', '2.61', 'Tidak Tepat Waktu', '0000-00-00 00:00:00', '0000-00-00 00:00:00'),
(120, '1010510085', 'ARY PURNAWAN', 'L', '2.62', '2.46', '2.65', '2.68', '2.75', '2.64', 'Tidak Tepat Waktu', '0000-00-00 00:00:00', '0000-00-00 00:00:00'),
(121, '1010510086', 'LAELY JANATUL HILMI', 'P', '3.32', '3.16', '3.23', '3.28', '3.31', '3.27', 'Tepat Waktu', '0000-00-00 00:00:00', '0000-00-00 00:00:00'),
(122, '1010510087', 'FEBTI YUDIA SANFANI', 'P', '3.02', '3.02', '3.08', '3.12', '3.10', '3.07', 'Tepat Waktu', '0000-00-00 00:00:00', '0000-00-00 00:00:00'),
(123, '1010510088', 'FIDYA ANGGISWARI', 'P', '2.75', '2.63', '2.71', '3.28', '2.86', '2.85', 'Tidak Tepat Waktu', '0000-00-00 00:00:00', '0000-00-00 00:00:00'),
(124, '1010510102', 'AHMAD ABUZAR AL HAMDANI', 'L', '2.05', '2.47', '2.59', '2.71', '2.83', '2.54', 'Tidak Tepat Waktu', '0000-00-00 00:00:00', '0000-00-00 00:00:00'),
(125, '1010510104', 'KHARIYANUL FATHONI', 'L', '2.88', '2.78', '2.93', '2.96', '3.63', '3.05', 'Tidak Tepat Waktu', '0000-00-00 00:00:00', '0000-00-00 00:00:00'),
(126, '1010510106', 'ZAENUL FANANI', 'L', '2.45', '2.33', '2.43', '2.37', '2.42', '2.40', 'Tidak Tepat Waktu', '0000-00-00 00:00:00', '0000-00-00 00:00:00'),
(127, '1010510109', 'SANGGATARU ASA CHONIDIA', 'L', '2.51', '2.64', '2.83', '2.78', '2.86', '2.73', 'Tidak Tepat Waktu', '0000-00-00 00:00:00', '0000-00-00 00:00:00'),
(128, '1010510110', 'BUDI WARMAN', 'L', '2.34', '2.29', '2.36', '2.39', '2.46', '2.37', 'Tidak Tepat Waktu', '0000-00-00 00:00:00', '0000-00-00 00:00:00'),
(129, '1010520120', 'MOHAMMAD TANWIR', 'L', '2.59', '2.62', '2.68', '2.66', '2.71', '2.66', 'Tidak Tepat Waktu', '0000-00-00 00:00:00', '0000-00-00 00:00:00'),
(130, '1010520127', 'PUTRAJI', 'L', '3.15', '3.22', '3.15', '3.17', '3.19', '3.18', 'Tepat Waktu', '0000-00-00 00:00:00', '0000-00-00 00:00:00'),
(131, '1010520130', 'DENNY IRVAN BUDIMAN', 'L', '2.37', '2.42', '2.49', '3.11', '2.66', '2.62', 'Tidak Tepat Waktu', '0000-00-00 00:00:00', '0000-00-00 00:00:00'),
(132, '1010520131', 'NITA ASTUTI', 'P', '2.43', '2.37', '2.41', '2.51', '2.58', '2.47', 'Tidak Tepat Waktu', '0000-00-00 00:00:00', '0000-00-00 00:00:00'),
(133, '1010520133', 'FIDIATUN VIDAIAH', 'P', '2.60', '2.57', '2.72', '2.78', '2.82', '2.70', 'Tidak Tepat Waktu', '0000-00-00 00:00:00', '0000-00-00 00:00:00'),
(134, '1010520134', 'AHMAD SUPIANDI', 'L', '2.63', '2.66', '3.77', '2.70', '2.67', '2.89', 'Tidak Tepat Waktu', '0000-00-00 00:00:00', '0000-00-00 00:00:00'),
(135, '1010520138', 'HAMZAN WADI', 'L', '2.56', '2.64', '2.53', '2.51', '2.39', '2.53', 'Tidak Tepat Waktu', '0000-00-00 00:00:00', '0000-00-00 00:00:00'),
(136, '1010520139', 'ABDUL HAMID MAJDI', 'L', '3.07', '2.97', '3.12', '3.16', '3.21', '3.11', 'Tepat Waktu', '0000-00-00 00:00:00', '0000-00-00 00:00:00'),
(137, '1010520145', 'SUMARNO', 'L', '2.31', '2.31', '2.48', '2.50', '2.49', '2.43', 'Tidak Tepat Waktu', '0000-00-00 00:00:00', '0000-00-00 00:00:00'),
(138, '1010520148', 'MUHAMMAD YANI', 'L', '3.05', '2.96', '3.05', '3.05', '3.06', '3.04', 'Tepat Waktu', '0000-00-00 00:00:00', '0000-00-00 00:00:00'),
(139, '1010520158', 'M. RIZKI YUNIAR APRIL AFFANDI', 'L', '2.73', '2.94', '2.98', '2.93', '2.95', '2.91', 'Tidak Tepat Waktu', '0000-00-00 00:00:00', '0000-00-00 00:00:00'),
(140, '1010520163', 'AHMAD TOHRI', 'L', '2.47', '2.55', '2.69', '2.67', '2.65', '2.61', 'Tidak Tepat Waktu', '0000-00-00 00:00:00', '0000-00-00 00:00:00'),
(141, '1010520166', 'IWAN SAPUTRA', 'L', '2.52', '2.60', '2.60', '2.62', '2.64', '2.60', 'Tidak Tepat Waktu', '0000-00-00 00:00:00', '0000-00-00 00:00:00'),
(142, '1010520167', 'M. KARMIN', 'L', '3.08', '3.16', '3.12', '3.20', '3.20', '3.16', 'Tepat Waktu', '0000-00-00 00:00:00', '0000-00-00 00:00:00'),
(143, '1010520172', 'DIDIK REJA P', 'L', '3.05', '3.04', '3.09', '3.12', '3.13', '3.09', 'Tepat Waktu', '0000-00-00 00:00:00', '0000-00-00 00:00:00'),
(144, '1010520173', 'RAHMAT HIDAYAT', 'L', '3.43', '3.32', '3.43', '3.46', '3.50', '3.43', 'Tepat Waktu', '0000-00-00 00:00:00', '0000-00-00 00:00:00'),
(145, '1010520179', 'LALU AMIR HAMZAH', 'L', '2.06', '2.22', '2.36', '2.37', '2.43', '2.30', 'Tidak Tepat Waktu', '0000-00-00 00:00:00', '0000-00-00 00:00:00'),
(146, '1010520180', 'DENI IRMANSYAH', 'L', '2.64', '2.57', '2.63', '2.69', '2.69', '2.65', 'Tidak Tepat Waktu', '0000-00-00 00:00:00', '0000-00-00 00:00:00'),
(147, '1010520183', 'IRHAM', 'L', '2.57', '2.76', '2.85', '2.98', '3.04', '2.85', 'Tidak Tepat Waktu', '0000-00-00 00:00:00', '0000-00-00 00:00:00'),
(148, '1010520186', 'B. LINA MARWATI', 'P', '3.40', '3.34', '3.38', '3.31', '3.25', '3.34', 'Tepat Waktu', '0000-00-00 00:00:00', '0000-00-00 00:00:00'),
(149, '1010520199', 'ZAENUDIN ARIFIN', 'L', '2.64', '2.70', '2.86', '2.91', '2.92', '2.81', 'Tidak Tepat Waktu', '0000-00-00 00:00:00', '0000-00-00 00:00:00'),
(150, '1010530203', 'GALIH SEMBADRA', 'L', '3.30', '3.23', '3.32', '3.27', '3.29', '3.29', 'Tepat Waktu', '0000-00-00 00:00:00', '0000-00-00 00:00:00'),
(151, '1010530204', 'MUHAMMAD KHIRUL HIDAYAT', 'L', '2.05', '2.31', '2.47', '2.50', '2.50', '2.38', 'Tidak Tepat Waktu', '0000-00-00 00:00:00', '0000-00-00 00:00:00'),
(152, '1010530206', 'SULHADI IRAWAN', 'L', '2.61', '2.75', '2.86', '2.85', '2.85', '2.79', 'Tidak Tepat Waktu', '0000-00-00 00:00:00', '0000-00-00 00:00:00'),
(153, '1010530208', 'ANGGRA KUSUMA WARDANA', 'L', '2.51', '2.63', '2.79', '2.88', '2.90', '2.75', 'Tidak Tepat Waktu', '0000-00-00 00:00:00', '0000-00-00 00:00:00'),
(154, '1010530209', 'ROZIKIN', 'L', '2.45', '2.44', '2.58', '2.59', '2.60', '2.54', 'Tidak Tepat Waktu', '0000-00-00 00:00:00', '0000-00-00 00:00:00'),
(155, '1010530212', 'SUPIANI', 'P', '3.24', '3.28', '3.24', '3.27', '3.22', '3.25', 'Tepat Waktu', '0000-00-00 00:00:00', '0000-00-00 00:00:00'),
(156, '1010530213', 'HENI HIDAYATI', 'P', '2.55', '2.68', '2.62', '2.81', '2.83', '2.71', 'Tidak Tepat Waktu', '0000-00-00 00:00:00', '0000-00-00 00:00:00'),
(157, '1010530220', 'NANANG ALFIAN M.A.A', 'L', '2.75', '2.76', '2.78', '2.83', '2.85', '2.80', 'Tidak Tepat Waktu', '0000-00-00 00:00:00', '0000-00-00 00:00:00'),
(158, '1010530223', 'KOMANG KOMALA SARI', 'P', '2.44', '1.71', '1.39', '1.16', '1.08', '1.54', 'Tidak Tepat Waktu', '0000-00-00 00:00:00', '0000-00-00 00:00:00'),
(159, '1010530227', 'ROHUL JANNAH', 'P', '3.01', '2.88', '2.93', '3.01', '3.00', '2.97', 'Tidak Tepat Waktu', '0000-00-00 00:00:00', '0000-00-00 00:00:00'),
(160, '1010530229', 'AKHMAD SEPTIYAN BUDHIARMAN', 'L', '2.35', '2.36', '2.46', '2.45', '2.48', '2.43', 'Tidak Tepat Waktu', '0000-00-00 00:00:00', '0000-00-00 00:00:00'),
(161, '1010530234', 'NURWAHIDAH RAMDANIAH', 'P', '2.91', '3.10', '3.03', '3.16', '3.17', '3.08', 'Tepat Waktu', '0000-00-00 00:00:00', '0000-00-00 00:00:00'),
(162, '1010530240', 'CHINTARA DICA PRAYURA', 'P', '2.40', '2.44', '2.55', '2.70', '2.71', '2.57', 'Tidak Tepat Waktu', '0000-00-00 00:00:00', '0000-00-00 00:00:00'),
(163, '1010530241', 'AL-KHAFID IMAMUDDIN', 'L', '2.25', '2.21', '2.25', '2.25', '2.28', '2.25', 'Tidak Tepat Waktu', '0000-00-00 00:00:00', '0000-00-00 00:00:00'),
(164, '1010530243', 'LALU JUNDA YADI YULIADI', 'L', '1.93', '2.11', '2.20', '2.37', '2.39', '2.21', 'Tidak Tepat Waktu', '0000-00-00 00:00:00', '0000-00-00 00:00:00'),
(165, '1010530245', 'I MADE BUDI SUDIPTA', 'L', '2.24', '2.25', '2.45', '2.50', '2.49', '2.39', 'Tidak Tepat Waktu', '0000-00-00 00:00:00', '0000-00-00 00:00:00'),
(166, '1010530247', 'HURIAH', 'P', '2.26', '2.26', '2.44', '2.54', '2.60', '2.43', 'Tidak Tepat Waktu', '0000-00-00 00:00:00', '0000-00-00 00:00:00'),
(167, '1010530248', 'YUSUF HENDRA PRATAMA', 'L', '2.71', '2.66', '2.79', '2.85', '2.88', '2.79', 'Tidak Tepat Waktu', '0000-00-00 00:00:00', '0000-00-00 00:00:00'),
(168, '1010530252', 'OYIQ MUCHAMMAD AULIA', 'L', '2.48', '2.57', '2.50', '2.69', '2.69', '2.59', 'Tidak Tepat Waktu', '0000-00-00 00:00:00', '0000-00-00 00:00:00'),
(169, '1010530253', 'SAMSU HAIDI', 'L', '2.00', '2.07', '2.18', '2.28', '2.42', '2.20', 'Tidak Tepat Waktu', '0000-00-00 00:00:00', '0000-00-00 00:00:00'),
(170, '1010530257', 'KASFILUL HADI', 'L', '2.55', '2.51', '2.44', '2.57', '2.57', '2.53', 'Tidak Tepat Waktu', '0000-00-00 00:00:00', '0000-00-00 00:00:00'),
(171, '1010530263', 'IPAN MAULANA', 'L', '2.34', '2.32', '2.26', '2.38', '2.38', '2.34', 'Tidak Tepat Waktu', '0000-00-00 00:00:00', '0000-00-00 00:00:00'),
(172, '1010530267', 'AHMAD SHOBIRIN', 'L', '2.59', '2.59', '2.69', '2.77', '2.78', '2.69', 'Tidak Tepat Waktu', '0000-00-00 00:00:00', '0000-00-00 00:00:00'),
(173, '1010530270', 'ANDI KURNIA WAHYUDI', 'L', '2.83', '2.63', '2.75', '2.79', '2.82', '2.77', 'Tidak Tepat Waktu', '0000-00-00 00:00:00', '0000-00-00 00:00:00'),
(174, '1010530272', 'ANDI YANA EKA NADI', 'L', '2.32', '2.41', '2.46', '2.53', '2.56', '2.46', 'Tidak Tepat Waktu', '0000-00-00 00:00:00', '0000-00-00 00:00:00'),
(175, '1010530278', 'SANTUN FUADY', 'L', '2.45', '2.41', '2.35', '2.45', '2.48', '2.43', 'Tidak Tepat Waktu', '0000-00-00 00:00:00', '0000-00-00 00:00:00'),
(176, '1010530286', 'MUHAMMAD BAHRU AZHARI', 'L', '2.07', '2.23', '2.36', '2.52', '2.57', '2.36', 'Tidak Tepat Waktu', '0000-00-00 00:00:00', '0000-00-00 00:00:00'),
(177, '1010530287', 'YASIKA', 'P', '2.54', '2.49', '2.46', '2.58', '2.61', '2.54', 'Tidak Tepat Waktu', '0000-00-00 00:00:00', '0000-00-00 00:00:00'),
(178, '1010530288', 'AKHMAD SUPRATMAN', 'L', '2.04', '2.24', '2.34', '2.33', '2.33', '2.26', 'Tidak Tepat Waktu', '0000-00-00 00:00:00', '0000-00-00 00:00:00'),
(179, '1010530289', 'IDA BAGUS WISNU ADITYA', 'L', '2.25', '2.46', '2.61', '2.63', '2.63', '2.53', 'Tidak Tepat Waktu', '0000-00-00 00:00:00', '0000-00-00 00:00:00'),
(180, '1010530291', 'AHMAD NAJI', 'L', '2.15', '2.37', '2.39', '2.44', '2.46', '2.37', 'Tidak Tepat Waktu', '0000-00-00 00:00:00', '0000-00-00 00:00:00'),
(181, '1010530292', 'NENGAH BUDIARTHA', 'L', '3.14', '3.12', '3.11', '3.14', '3.14', '3.13', 'Tepat Waktu', '0000-00-00 00:00:00', '0000-00-00 00:00:00'),
(182, '1010530293', 'MUH. JANWARDI AKROM', 'L', '2.52', '2.61', '2.70', '2.77', '2.79', '2.69', 'Tidak Tepat Waktu', '0000-00-00 00:00:00', '0000-00-00 00:00:00'),
(183, '1010530294', 'ALFINDA LIANI', 'P', '2.06', '2.42', '2.42', '2.55', '2.61', '2.42', 'Tidak Tepat Waktu', '0000-00-00 00:00:00', '0000-00-00 00:00:00'),
(184, '1010530295', 'NITA OLYMPIA', 'P', '3.14', '3.10', '3.19', '3.23', '3.24', '3.19', 'Tepat Waktu', '0000-00-00 00:00:00', '0000-00-00 00:00:00'),
(185, '1110530247', 'Deviana Ayu Lestari', 'P', '3.25', '3.20', '3.14', '3.39', '3.46', '3.30', 'Tepat Waktu', '0000-00-00 00:00:00', '0000-00-00 00:00:00'),
(186, '1110530252', 'Abdul Razak', 'L', '2.94', '2.50', '2.68', '3.13', '3.25', '2.91', 'Tidak Tepat Waktu', '0000-00-00 00:00:00', '0000-00-00 00:00:00'),
(187, '1110530259', 'Maya Astria', 'L', '2.78', '2.95', '3.10', '3.32', '3.11', '3.06', 'Tidak Tepat Waktu', '0000-00-00 00:00:00', '0000-00-00 00:00:00'),
(188, '1110530275', 'Ninsi Putriana Devi', 'P', '3.00', '2.71', '2.95', '3.10', '2.95', '2.95', 'Tidak Tepat Waktu', '0000-00-00 00:00:00', '0000-00-00 00:00:00'),
(189, '1210510003', 'Syamsul Hakim', 'L', '3.58', '3.10', '3.03', '2.32', '2.76', '2.95', 'Tepat Waktu', '0000-00-00 00:00:00', '0000-00-00 00:00:00'),
(190, '1210510006', 'Bahrul Hidayat', 'L', '3.72', '3.56', '3.63', '3.07', '3.45', '3.49', 'Tepat Waktu', '0000-00-00 00:00:00', '0000-00-00 00:00:00'),
(191, '1210520029', 'Ahmad Junaidi', 'L', '3.50', '3.10', '3.16', '3.02', '3.68', '3.30', 'Tepat Waktu', '0000-00-00 00:00:00', '0000-00-00 00:00:00'),
(192, '1210520070', 'Baiq Ela Nopita Lestari', 'P', '3.58', '3.00', '3.36', '3.39', '3.62', '3.40', 'Tepat Waktu', '0000-00-00 00:00:00', '0000-00-00 00:00:00');

-- --------------------------------------------------------

--
-- Table structure for table `tbl_registrasi`
--

CREATE TABLE `tbl_registrasi` (
  `id` int(11) NOT NULL,
  `Email` varchar(250) NOT NULL,
  `Nama` varchar(250) NOT NULL,
  `Alasan` text NOT NULL,
  `updated_at` datetime NOT NULL,
  `created_at` datetime NOT NULL
) ENGINE=InnoDB DEFAULT CHARSET=utf8mb4;

--
-- Dumping data for table `tbl_registrasi`
--

INSERT INTO `tbl_registrasi` (`id`, `Email`, `Nama`, `Alasan`, `updated_at`, `created_at`) VALUES
(2, 'nama@gmail.com', 'Nama', 'asfalfnaslfnasfasf asfasfasfasfas', '2020-01-12 13:57:41', '2020-01-12 13:57:41'),
(3, 'donyacm25@gmail.com', 'Donny', 'saya ingin mendaftar', '2020-02-10 13:16:48', '2020-02-10 13:16:48');

-- --------------------------------------------------------

--
-- Table structure for table `tbl_temp`
--

CREATE TABLE `tbl_temp` (
  `id` int(11) NOT NULL,
  `Nim` varchar(25) NOT NULL,
  `Nama_mhs` varchar(250) NOT NULL,
  `Jk` varchar(10) NOT NULL,
  `Ip_S1` varchar(25) NOT NULL,
  `Ip_S2` varchar(25) NOT NULL,
  `Ip_S3` varchar(25) NOT NULL,
  `Ip_S4` varchar(25) NOT NULL,
  `Ip_S5` varchar(25) NOT NULL,
  `Ipk` varchar(25) NOT NULL,
  `updated_at` datetime NOT NULL,
  `created_at` datetime NOT NULL
) ENGINE=InnoDB DEFAULT CHARSET=utf8mb4;

--
-- Dumping data for table `tbl_temp`
--

INSERT INTO `tbl_temp` (`id`, `Nim`, `Nama_mhs`, `Jk`, `Ip_S1`, `Ip_S2`, `Ip_S3`, `Ip_S4`, `Ip_S5`, `Ipk`, `updated_at`, `created_at`) VALUES
(23, '910510001', 'DEWI APRIANI', 'P', '3.06', '3.16', '3.17', '3.17', '3.17', '3.15', '2020-02-05 14:57:32', '2020-02-05 14:57:32'),
(24, '910510017', 'SUKMA IZZAYATI', 'P', '3.50', '1,9', '3.54', '3.53', '3.53', '3.53', '2020-02-10 06:57:59', '2020-02-05 14:59:36'),
(25, '910510084', 'FRANDI PRAMEDITYA', 'L', '2.91', '2.66', '2.61', '2.84', '2.83', '2.77', '2020-02-05 15:01:28', '2020-02-05 15:01:28'),
(26, '910520119', 'RONI MEIWARDANI', 'L', '1.20', '1.64', '1.77', '2.01', '2.31', '1.80', '2020-02-05 15:06:37', '2020-02-05 15:06:37'),
(27, '910520128', 'HIDAYATULLAH', 'L', '2.70', '2.75', '2.67', '2.77', '2.77', '2.73', '2020-02-05 15:12:16', '2020-02-05 15:12:16'),
(28, '910520147', 'FAWAS ZIKRILLAH', 'L', '2.54', '2.65', '2.63', '2.74', '2.74', '2.66', '2020-02-05 15:13:16', '2020-02-05 15:13:16'),
(29, '910530163', 'M. JAUHARI ASLAM', 'L', '2.81', '2.89', '2.91', '2.98', '2.98', '2.92', '2020-02-05 15:14:18', '2020-02-05 15:14:18'),
(30, '910530174', 'MULIANAH', 'P', '2.31', '2.45', '2.47', '2.50', '2.50', '2.45', '2020-02-05 15:16:36', '2020-02-05 15:16:36'),
(31, '910530191', 'ANDI RIANTO', 'L', '3.09', '3.18', '3.15', '3.16', '3.16', '3.15', '2020-02-05 15:18:49', '2020-02-05 15:18:49'),
(32, '910530250', 'LALU KARDI', 'L', '1.70', '1.78', '1.80', '2.08', '2.08', '1.89', '2020-02-05 15:26:14', '2020-02-05 15:21:15'),
(33, '910530253', 'I GD PERMANA', 'L', '1.62', '1.70', '1.69', '2.02', '2.25', '1.87', '2020-02-05 15:27:31', '2020-02-05 15:27:31'),
(34, '910530263', 'KHALIK AKBAR SANUSI', 'L', '2.20', '2.23', '2.21', '2.34', '2.37', '2.27', '2020-02-05 15:37:14', '2020-02-05 15:35:27'),
(35, '910530276', 'I MADE SURYAHADI KUSUMA', 'L', '2.36', '2.33', '2.19', '2.41', '2.47', '2.35', '2020-02-05 15:40:16', '2020-02-05 15:40:16'),
(36, '1010510011', 'ZEIN', 'L', '2.94', '2,1', '3.04', '3.17', '3.19', '3.04', '2020-02-10 13:57:18', '2020-02-05 15:41:35'),
(37, '1010510026', 'SATRIAWAN', 'L', '2.70', '2.80', '2.82', '2.93', '2.96', '2.85', '2020-02-05 15:42:40', '2020-02-05 15:42:40'),
(39, '1010510052', 'SYAIFUDDIN AHMAD', 'L', '2.47', '2.49', '2.63', '2.66', '2.71', '2.59', '2020-02-06 05:23:23', '2020-02-06 02:33:02'),
(41, '1010510076', 'I MADE YUDARTANA', 'L', '2.41', '2.46', '2.68', '2.83', '2.89', '2.66', '2020-02-07 01:31:45', '2020-02-07 01:31:45'),
(42, '1010510088', 'FIDYA ANGGISWARI', 'P', '2.75', '2.63', '2.70', '3.28', '2.86', '2.85', '2020-02-07 01:33:25', '2020-02-07 01:33:25'),
(44, '1010520127', 'PUTRAJI', 'P', '3.15', '3.22', '3.15', '3.17', '3.19', '3.18', '2020-02-07 01:37:25', '2020-02-07 01:37:25'),
(46, '1610530123565765', 'Donny Kurniawan', 'L', '3.70', '3.85', '4.00', '3.17', '3.93', '3.80', '2020-02-10 13:39:24', '2020-02-10 13:39:24'),
(47, '1010520134', 'AHMAD SUPIANDI', 'L', '2,63', '2,66', '3,76', '2,70', '2,67', '2,88', '2020-02-10 13:47:32', '2020-02-10 13:47:32'),
(48, '1010510003', 'WANDI AGUS HAMDANI', 'L', '2,01', '2,12', '2,22', '2,40', '2,51', '2,26', '2020-02-11 01:04:27', '2020-02-11 01:04:27');

-- --------------------------------------------------------

--
-- Table structure for table `tbl_testing`
--

CREATE TABLE `tbl_testing` (
  `id` varchar(25) NOT NULL,
  `Nama_mhs` varchar(250) DEFAULT NULL,
  `Jk` varchar(10) NOT NULL,
  `Ip_S1` varchar(25) NOT NULL,
  `Ip_S2` varchar(25) NOT NULL,
  `Ip_S3` varchar(25) NOT NULL,
  `Ip_S4` varchar(25) NOT NULL,
  `Ip_S5` varchar(25) NOT NULL,
  `Ipk` varchar(25) NOT NULL,
  `Ket_lulus` varchar(35) DEFAULT NULL,
  `updated_at` datetime NOT NULL,
  `created_at` datetime NOT NULL
) ENGINE=InnoDB DEFAULT CHARSET=utf8mb4;

--
-- Dumping data for table `tbl_testing`
--

INSERT INTO `tbl_testing` (`id`, `Nama_mhs`, `Jk`, `Ip_S1`, `Ip_S2`, `Ip_S3`, `Ip_S4`, `Ip_S5`, `Ipk`, `Ket_lulus`, `updated_at`, `created_at`) VALUES
('1010510003', 'WANDI AGUS HAMDANI', 'L', 'CUKUP', 'KURANG', 'KURANG', 'KURANG', 'KURANG', 'KURANG', 'TIDAK TEPAT WAKTU', '2020-02-11 01:04:27', '2020-02-11 01:04:27'),
('1010510011', 'ZEIN', 'L', 'CUKUP', 'KURANG', 'MEMUASKAN', 'MEMUASKAN', 'MEMUASKAN', 'MEMUASKAN', 'TIDAK TEPAT WAKTU', '2020-02-10 13:57:18', '2020-02-05 15:41:35'),
('1010510026', 'SATRIAWAN', 'L', 'CUKUP', 'CUKUP', 'CUKUP', 'CUKUP', 'CUKUP', 'CUKUP', 'TIDAK TEPAT WAKTU', '2020-02-05 15:42:40', '2020-02-05 15:42:40'),
('1010510052', 'SYAIFUDDIN AHMAD', 'L', 'CUKUP', 'KURANG', 'CUKUP', 'CUKUP', 'CUKUP', 'CUKUP', 'TIDAK TEPAT WAKTU', '2020-02-06 05:23:23', '2020-02-06 02:33:02'),
('1010510076', 'I MADE YUDARTANA', 'L', 'CUKUP', 'KURANG', 'CUKUP', 'CUKUP', 'CUKUP', 'CUKUP', 'TIDAK TEPAT WAKTU', '2020-02-07 01:31:45', '2020-02-07 01:31:45'),
('1010510088', 'FIDYA ANGGISWARI', 'P', 'CUKUP', 'CUKUP', 'CUKUP', 'MEMUASKAN', 'CUKUP', 'CUKUP', 'TIDAK TEPAT WAKTU', '2020-02-07 01:33:25', '2020-02-07 01:33:25'),
('1010520127', 'PUTRAJI', 'P', 'MEMUASKAN', 'MEMUASKAN', 'MEMUASKAN', 'MEMUASKAN', 'MEMUASKAN', 'MEMUASKAN', 'TEPAT WAKTU', '2020-02-07 01:37:25', '2020-02-07 01:37:25'),
('1010520134', 'AHMAD SUPIANDI', 'L', 'CUKUP', 'KURANG', 'MEMUASKAN', 'KURANG', 'KURANG', 'KURANG', 'TIDAK TEPAT WAKTU', '2020-02-10 13:47:32', '2020-02-10 13:47:32'),
('1610530123565765', 'Donny Kurniawan', 'L', 'DENGAN PUJIAN', 'DENGAN PUJIAN', 'DENGAN PUJIAN', 'MEMUASKAN', 'DENGAN PUJIAN', 'DENGAN PUJIAN', 'TEPAT WAKTU', '2020-02-10 13:39:24', '2020-02-10 13:39:24'),
('910510001', 'DEWI APRIANI', 'P', 'MEMUASKAN', 'MEMUASKAN', 'MEMUASKAN', 'MEMUASKAN', 'MEMUASKAN', 'MEMUASKAN', 'TEPAT WAKTU', '2020-02-05 14:57:32', '2020-02-05 14:57:32'),
('910510017', 'SUKMA IZZAYATI', 'P', 'DENGAN PUJIAN', 'KURANG', 'DENGAN PUJIAN', 'DENGAN PUJIAN', 'DENGAN PUJIAN', 'DENGAN PUJIAN', 'TEPAT WAKTU', '2020-02-10 06:57:59', '2020-02-05 14:59:36'),
('910510084', 'FRANDI PRAMEDITYA', 'L', 'CUKUP', 'CUKUP', 'CUKUP', 'CUKUP', 'CUKUP', 'CUKUP', 'TIDAK TEPAT WAKTU', '2020-02-05 15:01:28', '2020-02-05 15:01:28'),
('910520119', 'RONI MEIWARDANI', 'L', 'KURANG', 'KURANG', 'KURANG', 'KURANG', 'KURANG', 'KURANG', 'TIDAK TEPAT WAKTU', '2020-02-05 15:06:37', '2020-02-05 15:06:37'),
('910520128', 'HIDAYATULLAH', 'L', 'CUKUP', 'CUKUP', 'CUKUP', 'CUKUP', 'CUKUP', 'CUKUP', 'TIDAK TEPAT WAKTU', '2020-02-05 15:12:16', '2020-02-05 15:12:16'),
('910520147', 'FAWAS ZIKRILLAH', 'L', 'CUKUP', 'CUKUP', 'CUKUP', 'CUKUP', 'CUKUP', 'CUKUP', 'TIDAK TEPAT WAKTU', '2020-02-05 15:13:16', '2020-02-05 15:13:16'),
('910530163', 'M. JAUHARI ASLAM', 'L', 'CUKUP', 'CUKUP', 'CUKUP', 'CUKUP', 'CUKUP', 'CUKUP', 'TIDAK TEPAT WAKTU', '2020-02-05 15:14:18', '2020-02-05 15:14:18'),
('910530174', 'MULIANAH', 'P', 'KURANG', 'KURANG', 'KURANG', 'CUKUP', 'CUKUP', 'KURANG', 'TIDAK TEPAT WAKTU', '2020-02-05 15:16:36', '2020-02-05 15:16:36'),
('910530191', 'ANDI RIANTO', 'L', 'MEMUASKAN', 'MEMUASKAN', 'MEMUASKAN', 'MEMUASKAN', 'MEMUASKAN', 'MEMUASKAN', 'TEPAT WAKTU', '2020-02-05 15:18:49', '2020-02-05 15:18:49'),
('910530250', 'LALU KARDI', 'L', 'KURANG', 'KURANG', 'KURANG', 'KURANG', 'KURANG', 'KURANG', 'TIDAK TEPAT WAKTU', '2020-02-05 15:26:14', '2020-02-05 15:21:15'),
('910530253', 'I GD PERMANA', 'L', 'KURANG', 'KURANG', 'KURANG', 'KURANG', 'KURANG', 'KURANG', 'TIDAK TEPAT WAKTU', '2020-02-05 15:27:31', '2020-02-05 15:27:31'),
('910530263', 'KHALIK AKBAR SANUSI', 'L', 'KURANG', 'KURANG', 'KURANG', 'KURANG', 'KURANG', 'KURANG', 'TIDAK TEPAT WAKTU', '2020-02-05 15:37:14', '2020-02-05 15:35:27'),
('910530276', 'I MADE SURYAHADI KUSUMA', 'L', 'KURANG', 'KURANG', 'KURANG', 'KURANG', 'KURANG', 'KURANG', 'TIDAK TEPAT WAKTU', '2020-02-05 15:40:16', '2020-02-05 15:40:16');

-- --------------------------------------------------------

--
-- Table structure for table `tbl_training`
--

CREATE TABLE `tbl_training` (
  `id` int(11) NOT NULL,
  `Nim` int(20) NOT NULL,
  `Nama_mhs` varchar(250) NOT NULL,
  `Jk` varchar(10) NOT NULL,
  `Ip_S1` varchar(25) NOT NULL,
  `Ip_S2` varchar(25) NOT NULL,
  `Ip_S3` varchar(25) NOT NULL,
  `Ip_S4` varchar(25) NOT NULL,
  `Ip_S5` varchar(25) NOT NULL,
  `Ipk` varchar(25) NOT NULL,
  `Ket_lulus` varchar(35) NOT NULL,
  `updated_at` datetime NOT NULL,
  `created_at` datetime NOT NULL
) ENGINE=InnoDB DEFAULT CHARSET=utf8mb4;

--
-- Dumping data for table `tbl_training`
--

INSERT INTO `tbl_training` (`id`, `Nim`, `Nama_mhs`, `Jk`, `Ip_S1`, `Ip_S2`, `Ip_S3`, `Ip_S4`, `Ip_S5`, `Ipk`, `Ket_lulus`, `updated_at`, `created_at`) VALUES
(1, 910510001, 'DEWI APRIANI', 'P', 'MEMUASKAN', 'MEMUASKAN', 'MEMUASKAN', 'MEMUASKAN', 'MEMUASKAN', 'MEMUASKAN', 'Tepat Waktu', '0000-00-00 00:00:00', '0000-00-00 00:00:00'),
(2, 910510002, 'AHMAD KASPUL ASROR', 'L', 'KURANG', 'CUKUP', 'KURANG', 'CUKUP', 'CUKUP', 'CUKUP', 'Tidak Tepat Waktu', '0000-00-00 00:00:00', '0000-00-00 00:00:00'),
(3, 910510003, 'CATUR KURNIATI', 'P', 'MEMUASKAN', 'MEMUASKAN', 'MEMUASKAN', 'MEMUASKAN', 'MEMUASKAN', 'MEMUASKAN', 'Tepat Waktu', '0000-00-00 00:00:00', '0000-00-00 00:00:00'),
(4, 910510017, 'SUKMA IZZAYATI', 'P', 'MEMUASKAN', 'DENGAN PUJIAN', 'DENGAN PUJIAN', 'DENGAN PUJIAN', 'DENGAN PUJIAN', 'DENGAN PUJIAN', 'Tepat Waktu', '0000-00-00 00:00:00', '0000-00-00 00:00:00'),
(5, 910520019, 'DUDIEK MUHYAR TALEN', 'L', 'KURANG', 'KURANG', 'KURANG', 'KURANG', 'KURANG', 'KURANG', 'Tidak Tepat Waktu', '0000-00-00 00:00:00', '0000-00-00 00:00:00'),
(6, 910520020, 'LALU RAY  RAMADH SUGARA', 'L', 'CUKUP', 'CUKUP', 'CUKUP', 'CUKUP', 'CUKUP', 'CUKUP', 'Tidak Tepat Waktu', '0000-00-00 00:00:00', '0000-00-00 00:00:00'),
(7, 910520023, 'YUSUF HAMDANI', 'L', 'KURANG', 'KURANG', 'KURANG', 'CUKUP', 'CUKUP', 'KURANG', 'Tidak Tepat Waktu', '0000-00-00 00:00:00', '0000-00-00 00:00:00'),
(8, 910520024, 'KI AGUS REZA FIRMAN PRATAMA', 'L', 'KURANG', 'KURANG', 'KURANG', 'CUKUP', 'CUKUP', 'KURANG', 'Tidak Tepat Waktu', '0000-00-00 00:00:00', '0000-00-00 00:00:00'),
(9, 910520026, 'ANDI SASNOPIAN', 'L', 'MEMUASKAN', 'MEMUASKAN', 'MEMUASKAN', 'MEMUASKAN', 'MEMUASKAN', 'MEMUASKAN', 'Tepat Waktu', '0000-00-00 00:00:00', '0000-00-00 00:00:00'),
(10, 910520027, 'EDDY SATRIAWAN', 'L', 'CUKUP', 'CUKUP', 'CUKUP', 'CUKUP', 'CUKUP', 'CUKUP', 'Tidak Tepat Waktu', '0000-00-00 00:00:00', '0000-00-00 00:00:00'),
(11, 910520030, 'I WAYAN EKA DHARMA', 'L', 'MEMUASKAN', 'MEMUASKAN', 'MEMUASKAN', 'MEMUASKAN', 'MEMUASKAN', 'MEMUASKAN', 'Tepat Waktu', '0000-00-00 00:00:00', '0000-00-00 00:00:00'),
(12, 910520033, 'IRFAN MAULANA', 'L', 'CUKUP', 'CUKUP', 'CUKUP', 'MEMUASKAN', 'MEMUASKAN', 'CUKUP', 'Tepat Waktu', '0000-00-00 00:00:00', '0000-00-00 00:00:00'),
(13, 910520037, 'KADEK SUANDRA', 'L', 'KURANG', 'CUKUP', 'CUKUP', 'CUKUP', 'CUKUP', 'CUKUP', 'Tidak Tepat Waktu', '0000-00-00 00:00:00', '0000-00-00 00:00:00'),
(14, 910520038, 'ISMAIL SHOLEH', 'L', 'KURANG', 'KURANG', 'KURANG', 'KURANG', 'KURANG', 'KURANG', 'Tidak Tepat Waktu', '0000-00-00 00:00:00', '0000-00-00 00:00:00'),
(15, 910520048, 'JUNAEDI', 'L', 'CUKUP', 'CUKUP', 'CUKUP', 'CUKUP', 'CUKUP', 'CUKUP', 'Tidak Tepat Waktu', '0000-00-00 00:00:00', '0000-00-00 00:00:00'),
(16, 910520049, 'EZAR MARLIAWAN', 'L', 'KURANG', 'KURANG', 'KURANG', 'KURANG', 'KURANG', 'KURANG', 'Tidak Tepat Waktu', '0000-00-00 00:00:00', '0000-00-00 00:00:00'),
(17, 910520053, 'ROBBY PANJIE JAYA P', 'L', 'KURANG', 'CUKUP', 'CUKUP', 'CUKUP', 'CUKUP', 'CUKUP', 'Tidak Tepat Waktu', '0000-00-00 00:00:00', '0000-00-00 00:00:00'),
(18, 910520056, 'NOVI  PERMATASARI', 'P', 'KURANG', 'KURANG', 'KURANG', 'KURANG', 'KURANG', 'KURANG', 'Tidak Tepat Waktu', '0000-00-00 00:00:00', '0000-00-00 00:00:00'),
(19, 910520057, 'LALU SUHERMAN PRAYATNA', 'L', 'CUKUP', 'CUKUP', 'CUKUP', 'MEMUASKAN', 'MEMUASKAN', 'CUKUP', 'Tepat Waktu', '0000-00-00 00:00:00', '0000-00-00 00:00:00'),
(20, 910520058, 'MUH. IKROMI', 'L', 'MEMUASKAN', 'MEMUASKAN', 'MEMUASKAN', 'MEMUASKAN', 'MEMUASKAN', 'MEMUASKAN', 'Tepat Waktu', '0000-00-00 00:00:00', '0000-00-00 00:00:00'),
(21, 910520060, 'DIMAS FARID AWALUDIN', 'L', 'MEMUASKAN', 'MEMUASKAN', 'MEMUASKAN', 'MEMUASKAN', 'MEMUASKAN', 'MEMUASKAN', 'Tepat Waktu', '0000-00-00 00:00:00', '0000-00-00 00:00:00'),
(22, 910520062, 'PATHUL HILMI', 'L', 'CUKUP', 'MEMUASKAN', 'MEMUASKAN', 'MEMUASKAN', 'MEMUASKAN', 'MEMUASKAN', 'Tepat Waktu', '0000-00-00 00:00:00', '0000-00-00 00:00:00'),
(23, 910520065, 'M HAFIZ  FAISAL', 'L', 'MEMUASKAN', 'MEMUASKAN', 'MEMUASKAN', 'MEMUASKAN', 'MEMUASKAN', 'MEMUASKAN', 'Tepat Waktu', '0000-00-00 00:00:00', '0000-00-00 00:00:00'),
(24, 910520067, 'LALU ALUN SATRIA', 'L', 'CUKUP', 'CUKUP', 'CUKUP', 'CUKUP', 'CUKUP', 'CUKUP', 'Tidak Tepat Waktu', '0000-00-00 00:00:00', '0000-00-00 00:00:00'),
(25, 910520070, 'MARDIANSYAH', 'L', 'CUKUP', 'CUKUP', 'CUKUP', 'CUKUP', 'CUKUP', 'CUKUP', 'Tidak Tepat Waktu', '0000-00-00 00:00:00', '0000-00-00 00:00:00'),
(26, 910530074, 'FARIDA KUSUMA', 'P', 'MEMUASKAN', 'MEMUASKAN', 'MEMUASKAN', 'MEMUASKAN', 'MEMUASKAN', 'MEMUASKAN', 'Tepat Waktu', '0000-00-00 00:00:00', '0000-00-00 00:00:00'),
(27, 910530075, 'MUH. SUPRIYADI PARSI PUTRA', 'L', 'CUKUP', 'CUKUP', 'CUKUP', 'CUKUP', 'CUKUP', 'CUKUP', 'Tidak Tepat Waktu', '0000-00-00 00:00:00', '0000-00-00 00:00:00'),
(28, 910510079, 'M. DZIKRUL FATHONI', 'L', 'KURANG', 'KURANG', 'KURANG', 'KURANG', 'KURANG', 'KURANG', 'Tidak Tepat Waktu', '0000-00-00 00:00:00', '0000-00-00 00:00:00'),
(29, 910510084, 'FRANDI PRAMEDITYA', 'L', 'CUKUP', 'CUKUP', 'CUKUP', 'CUKUP', 'CUKUP', 'CUKUP', 'Tidak Tepat Waktu', '0000-00-00 00:00:00', '0000-00-00 00:00:00'),
(30, 910510092, 'TRISNA SURYA WINDYAWAN', 'L', 'CUKUP', 'CUKUP', 'CUKUP', 'MEMUASKAN', 'MEMUASKAN', 'CUKUP', 'Tepat Waktu', '0000-00-00 00:00:00', '0000-00-00 00:00:00'),
(31, 910510093, 'ROZAQ APRIYANTO', 'L', 'CUKUP', 'CUKUP', 'CUKUP', 'CUKUP', 'CUKUP', 'CUKUP', 'Tidak Tepat Waktu', '0000-00-00 00:00:00', '0000-00-00 00:00:00'),
(32, 910510094, 'APRIAWAN ROSADI', 'L', 'CUKUP', 'CUKUP', 'CUKUP', 'CUKUP', 'CUKUP', 'CUKUP', 'Tidak Tepat Waktu', '0000-00-00 00:00:00', '0000-00-00 00:00:00'),
(33, 910510097, 'LUCY ADELINA', 'P', 'CUKUP', 'CUKUP', 'CUKUP', 'CUKUP', 'CUKUP', 'CUKUP', 'Tidak Tepat Waktu', '0000-00-00 00:00:00', '0000-00-00 00:00:00'),
(34, 910510099, 'NURUL WAHID', 'L', 'CUKUP', 'CUKUP', 'CUKUP', 'MEMUASKAN', 'CUKUP', 'CUKUP', 'Tidak Tepat Waktu', '0000-00-00 00:00:00', '0000-00-00 00:00:00'),
(35, 910520103, 'SUPRIANTO', 'L', 'KURANG', 'CUKUP', 'KURANG', 'KURANG', 'KURANG', 'KURANG', 'Tidak Tepat Waktu', '0000-00-00 00:00:00', '0000-00-00 00:00:00'),
(36, 910520112, 'MUNAWIR ZAMANHUDI', 'L', 'CUKUP', 'CUKUP', 'CUKUP', 'CUKUP', 'CUKUP', 'CUKUP', 'Tidak Tepat Waktu', '0000-00-00 00:00:00', '0000-00-00 00:00:00'),
(37, 910520116, 'SYAIFUL BAHRI', 'L', 'CUKUP', 'CUKUP', 'CUKUP', 'CUKUP', 'CUKUP', 'CUKUP', 'Tidak Tepat Waktu', '0000-00-00 00:00:00', '0000-00-00 00:00:00'),
(38, 910520119, 'RONI MEIWARDANI', 'L', 'KURANG', 'KURANG', 'KURANG', 'KURANG', 'KURANG', 'KURANG', 'Tidak Tepat Waktu', '0000-00-00 00:00:00', '0000-00-00 00:00:00'),
(39, 910520121, 'NIZAR SALIM', 'L', 'CUKUP', 'CUKUP', 'CUKUP', 'CUKUP', 'CUKUP', 'CUKUP', 'Tidak Tepat Waktu', '0000-00-00 00:00:00', '0000-00-00 00:00:00'),
(40, 910520128, 'HIDAYATULLAH', 'L', 'CUKUP', 'CUKUP', 'CUKUP', 'CUKUP', 'CUKUP', 'CUKUP', 'Tidak Tepat Waktu', '0000-00-00 00:00:00', '0000-00-00 00:00:00'),
(41, 910520134, 'WAYAN KARTIKA SATYANA P', 'L', 'CUKUP', 'CUKUP', 'CUKUP', 'CUKUP', 'CUKUP', 'CUKUP', 'Tidak Tepat Waktu', '0000-00-00 00:00:00', '0000-00-00 00:00:00'),
(42, 910520141, 'DEDY  HERMAN', 'L', 'KURANG', 'KURANG', 'KURANG', 'KURANG', 'KURANG', 'KURANG', 'Tidak Tepat Waktu', '0000-00-00 00:00:00', '0000-00-00 00:00:00'),
(43, 910520146, 'AHMAD', 'L', 'CUKUP', 'CUKUP', 'CUKUP', 'CUKUP', 'CUKUP', 'CUKUP', 'Tidak Tepat Waktu', '0000-00-00 00:00:00', '0000-00-00 00:00:00'),
(44, 910520147, 'FAWAS ZIKRILLAH', 'L', 'CUKUP', 'CUKUP', 'CUKUP', 'CUKUP', 'CUKUP', 'CUKUP', 'Tidak Tepat Waktu', '0000-00-00 00:00:00', '0000-00-00 00:00:00'),
(45, 910520148, 'I GEDE DEDDY PREMARTHA SUNU', 'L', 'MEMUASKAN', 'MEMUASKAN', 'MEMUASKAN', 'MEMUASKAN', 'MEMUASKAN', 'MEMUASKAN', 'Tepat Waktu', '0000-00-00 00:00:00', '0000-00-00 00:00:00'),
(46, 910520149, 'ABDURRAHMAN LABISANA', 'L', 'CUKUP', 'CUKUP', 'CUKUP', 'CUKUP', 'CUKUP', 'CUKUP', 'Tidak Tepat Waktu', '0000-00-00 00:00:00', '0000-00-00 00:00:00'),
(47, 910520152, 'NYOMAN BUDAYANTA', 'L', 'CUKUP', 'CUKUP', 'CUKUP', 'CUKUP', 'CUKUP', 'CUKUP', 'Tidak Tepat Waktu', '0000-00-00 00:00:00', '0000-00-00 00:00:00'),
(48, 910530155, 'RAHMAT HIDAYAT', 'L', 'KURANG', 'KURANG', 'KURANG', 'KURANG', 'KURANG', 'KURANG', 'Tidak Tepat Waktu', '0000-00-00 00:00:00', '0000-00-00 00:00:00'),
(49, 910530157, 'SAHBAN', 'L', 'KURANG', 'CUKUP', 'CUKUP', 'CUKUP', 'CUKUP', 'CUKUP', 'Tidak Tepat Waktu', '0000-00-00 00:00:00', '0000-00-00 00:00:00'),
(50, 910530158, 'ANDRI AZAZI', 'L', 'KURANG', 'CUKUP', 'CUKUP', 'CUKUP', 'CUKUP', 'CUKUP', 'Tidak Tepat Waktu', '0000-00-00 00:00:00', '0000-00-00 00:00:00'),
(51, 910530159, 'HAIDAR', 'L', 'CUKUP', 'CUKUP', 'CUKUP', 'CUKUP', 'CUKUP', 'CUKUP', 'Tidak Tepat Waktu', '0000-00-00 00:00:00', '0000-00-00 00:00:00'),
(52, 910530160, 'HASANUDIN', 'L', 'CUKUP', 'CUKUP', 'CUKUP', 'CUKUP', 'CUKUP', 'CUKUP', 'Tidak Tepat Waktu', '0000-00-00 00:00:00', '0000-00-00 00:00:00'),
(53, 910530161, 'MUHAMAD WAHYUDI', 'L', 'CUKUP', 'CUKUP', 'CUKUP', 'CUKUP', 'CUKUP', 'CUKUP', 'Tidak Tepat Waktu', '0000-00-00 00:00:00', '0000-00-00 00:00:00'),
(54, 910530163, 'M. JAUHARI ASLAM', 'L', 'CUKUP', 'CUKUP', 'CUKUP', 'CUKUP', 'CUKUP', 'CUKUP', 'Tidak Tepat Waktu', '0000-00-00 00:00:00', '0000-00-00 00:00:00'),
(55, 910530164, 'MASTURIANTO', 'L', 'CUKUP', 'CUKUP', 'CUKUP', 'CUKUP', 'CUKUP', 'CUKUP', 'Tidak Tepat Waktu', '0000-00-00 00:00:00', '0000-00-00 00:00:00'),
(56, 910530167, 'WAYAN DARMAWAN', 'L', 'MEMUASKAN', 'MEMUASKAN', 'MEMUASKAN', 'MEMUASKAN', 'MEMUASKAN', 'MEMUASKAN', 'Tepat Waktu', '0000-00-00 00:00:00', '0000-00-00 00:00:00'),
(57, 910530169, 'QOMARUDIN PRAYADI', 'L', 'CUKUP', 'CUKUP', 'KURANG', 'CUKUP', 'CUKUP', 'CUKUP', 'Tidak Tepat Waktu', '0000-00-00 00:00:00', '0000-00-00 00:00:00'),
(58, 910530171, 'SYARIF HIDAYATULLAH', 'L', 'KURANG', 'CUKUP', 'CUKUP', 'CUKUP', 'CUKUP', 'CUKUP', 'Tidak Tepat Waktu', '0000-00-00 00:00:00', '0000-00-00 00:00:00'),
(59, 910530172, 'YERMIA DAVID WOHON', 'L', 'CUKUP', 'CUKUP', 'CUKUP', 'CUKUP', 'CUKUP', 'CUKUP', 'Tidak Tepat Waktu', '0000-00-00 00:00:00', '0000-00-00 00:00:00'),
(60, 910530174, 'MULIANAH', 'P', 'KURANG', 'KURANG', 'KURANG', 'KURANG', 'KURANG', 'KURANG', 'Tidak Tepat Waktu', '0000-00-00 00:00:00', '0000-00-00 00:00:00'),
(61, 910530175, 'ANDRESON OPA APRIYANTO RANO', 'L', 'CUKUP', 'CUKUP', 'CUKUP', 'CUKUP', 'CUKUP', 'CUKUP', 'Tidak Tepat Waktu', '0000-00-00 00:00:00', '0000-00-00 00:00:00'),
(62, 910530176, 'KUSWADI', 'L', 'KURANG', 'KURANG', 'KURANG', 'CUKUP', 'CUKUP', 'KURANG', 'Tidak Tepat Waktu', '0000-00-00 00:00:00', '0000-00-00 00:00:00'),
(63, 910530182, 'DEWA DWI ANA', 'L', 'MEMUASKAN', 'MEMUASKAN', 'MEMUASKAN', 'MEMUASKAN', 'MEMUASKAN', 'MEMUASKAN', 'Tepat Waktu', '0000-00-00 00:00:00', '0000-00-00 00:00:00'),
(64, 910530184, 'HAMDANI', 'L', 'KURANG', 'KURANG', 'KURANG', 'CUKUP', 'CUKUP', 'KURANG', 'Tidak Tepat Waktu', '0000-00-00 00:00:00', '0000-00-00 00:00:00'),
(65, 910530186, 'AHMAD MASTUR', 'L', 'KURANG', 'KURANG', 'CUKUP', 'CUKUP', 'CUKUP', 'CUKUP', 'Tidak Tepat Waktu', '0000-00-00 00:00:00', '0000-00-00 00:00:00'),
(66, 910530188, 'MOH. FAJRIADY GUNARTHA', 'L', 'KURANG', 'CUKUP', 'CUKUP', 'CUKUP', 'CUKUP', 'CUKUP', 'Tidak Tepat Waktu', '0000-00-00 00:00:00', '0000-00-00 00:00:00'),
(67, 910530189, 'PUTU EKA GUNADI', 'L', 'KURANG', 'CUKUP', 'CUKUP', 'KURANG', 'KURANG', 'KURANG', 'Tidak Tepat Waktu', '0000-00-00 00:00:00', '0000-00-00 00:00:00'),
(68, 910530191, 'ANDI RIANTO', 'L', 'MEMUASKAN', 'MEMUASKAN', 'MEMUASKAN', 'MEMUASKAN', 'MEMUASKAN', 'MEMUASKAN', 'Tepat Waktu', '0000-00-00 00:00:00', '0000-00-00 00:00:00'),
(69, 910530194, 'AHMAD TAUHID', 'L', 'MEMUASKAN', 'CUKUP', 'CUKUP', 'CUKUP', 'CUKUP', 'CUKUP', 'Tidak Tepat Waktu', '0000-00-00 00:00:00', '0000-00-00 00:00:00'),
(70, 910530196, 'NILNA PADLIATI', 'P', 'MEMUASKAN', 'MEMUASKAN', 'MEMUASKAN', 'MEMUASKAN', 'MEMUASKAN', 'MEMUASKAN', 'Tepat Waktu', '0000-00-00 00:00:00', '0000-00-00 00:00:00'),
(71, 910530221, 'FAUZI EFENDI', 'L', 'KURANG', 'KURANG', 'KURANG', 'KURANG', 'KURANG', 'KURANG', 'Tidak Tepat Waktu', '0000-00-00 00:00:00', '0000-00-00 00:00:00'),
(72, 910530222, 'HASAN BASRI', 'L', 'CUKUP', 'CUKUP', 'CUKUP', 'MEMUASKAN', 'MEMUASKAN', 'CUKUP', 'Tepat Waktu', '0000-00-00 00:00:00', '0000-00-00 00:00:00'),
(73, 910530232, 'DEWA EKA PRADAMA PUTRA W', 'L', 'KURANG', 'CUKUP', 'CUKUP', 'CUKUP', 'CUKUP', 'CUKUP', 'Tidak Tepat Waktu', '0000-00-00 00:00:00', '0000-00-00 00:00:00'),
(74, 910530234, 'MULYADI', 'L', 'KURANG', 'KURANG', 'KURANG', 'CUKUP', 'CUKUP', 'KURANG', 'Tidak Tepat Waktu', '0000-00-00 00:00:00', '0000-00-00 00:00:00'),
(75, 910530238, 'ZAENUDDIN', 'L', 'KURANG', 'KURANG', 'KURANG', 'KURANG', 'KURANG', 'KURANG', 'Tidak Tepat Waktu', '0000-00-00 00:00:00', '0000-00-00 00:00:00'),
(76, 910530250, 'LALU KARDI', 'L', 'KURANG', 'KURANG', 'KURANG', 'KURANG', 'KURANG', 'KURANG', 'Tidak Tepat Waktu', '0000-00-00 00:00:00', '0000-00-00 00:00:00'),
(77, 910530253, 'I GD PERMANA', 'L', 'KURANG', 'KURANG', 'KURANG', 'KURANG', 'KURANG', 'KURANG', 'Tidak Tepat Waktu', '0000-00-00 00:00:00', '0000-00-00 00:00:00'),
(78, 910530256, 'RAHMAT HIDAYAT', 'L', 'CUKUP', 'KURANG', 'CUKUP', 'CUKUP', 'CUKUP', 'CUKUP', 'Tidak Tepat Waktu', '0000-00-00 00:00:00', '0000-00-00 00:00:00'),
(79, 910530259, 'RAHMAT AZIZI', 'L', 'DENGAN PUJIAN', 'MEMUASKAN', 'MEMUASKAN', 'MEMUASKAN', 'MEMUASKAN', 'MEMUASKAN', 'Tepat Waktu', '0000-00-00 00:00:00', '0000-00-00 00:00:00'),
(80, 910530261, 'L. ANDI AZMI WIJAYA', 'L', 'KURANG', 'KURANG', 'KURANG', 'CUKUP', 'CUKUP', 'KURANG', 'Tidak Tepat Waktu', '0000-00-00 00:00:00', '0000-00-00 00:00:00'),
(81, 910530263, 'KHALIK AKBAR SANUSI', 'L', 'KURANG', 'KURANG', 'KURANG', 'KURANG', 'KURANG', 'KURANG', 'Tidak Tepat Waktu', '0000-00-00 00:00:00', '0000-00-00 00:00:00'),
(82, 910530269, 'SAHRIZAL MUZAKI', 'L', 'CUKUP', 'CUKUP', 'CUKUP', 'CUKUP', 'CUKUP', 'CUKUP', 'Tidak Tepat Waktu', '0000-00-00 00:00:00', '0000-00-00 00:00:00'),
(83, 910530273, 'M.GHIFARI ALHAMDANI', 'L', 'KURANG', 'KURANG', 'KURANG', 'KURANG', 'KURANG', 'KURANG', 'Tidak Tepat Waktu', '0000-00-00 00:00:00', '0000-00-00 00:00:00'),
(84, 910530276, 'I MADE SURYAHADI KUSUMA', 'L', 'KURANG', 'KURANG', 'KURANG', 'KURANG', 'KURANG', 'KURANG', 'Tidak Tepat Waktu', '0000-00-00 00:00:00', '0000-00-00 00:00:00'),
(85, 910530278, 'M. RIZA FAHLEFI', 'L', 'KURANG', 'KURANG', 'KURANG', 'KURANG', 'KURANG', 'KURANG', 'Tidak Tepat Waktu', '0000-00-00 00:00:00', '0000-00-00 00:00:00'),
(86, 910530282, 'ALFIAN CHANDRA', 'L', 'KURANG', 'KURANG', 'CUKUP', 'CUKUP', 'CUKUP', 'CUKUP', 'Tidak Tepat Waktu', '0000-00-00 00:00:00', '0000-00-00 00:00:00'),
(87, 910530283, 'CHANDRA LAKSAMANA', 'L', 'KURANG', 'KURANG', 'KURANG', 'KURANG', 'KURANG', 'KURANG', 'Tidak Tepat Waktu', '0000-00-00 00:00:00', '0000-00-00 00:00:00'),
(88, 1010510001, 'MEMET SANJAYA', 'L', 'CUKUP', 'CUKUP', 'CUKUP', 'CUKUP', 'CUKUP', 'CUKUP', 'Tidak Tepat Waktu', '0000-00-00 00:00:00', '0000-00-00 00:00:00'),
(89, 1010510002, 'FITRIA RAHMAWATI', 'P', 'MEMUASKAN', 'MEMUASKAN', 'MEMUASKAN', 'MEMUASKAN', 'MEMUASKAN', 'MEMUASKAN', 'Tepat Waktu', '0000-00-00 00:00:00', '0000-00-00 00:00:00'),
(90, 1010510003, 'WANDI AGUS HAMDANI', 'L', 'KURANG', 'KURANG', 'KURANG', 'KURANG', 'CUKUP', 'KURANG', 'Tidak Tepat Waktu', '0000-00-00 00:00:00', '0000-00-00 00:00:00'),
(91, 1010510006, 'LAHMUDDIN', 'L', 'KURANG', 'KURANG', 'KURANG', 'KURANG', 'KURANG', 'KURANG', 'Tidak Tepat Waktu', '0000-00-00 00:00:00', '0000-00-00 00:00:00'),
(92, 1010510011, 'ZEIN', 'L', 'CUKUP', 'CUKUP', 'MEMUASKAN', 'MEMUASKAN', 'MEMUASKAN', 'MEMUASKAN', 'Tidak Tepat Waktu', '0000-00-00 00:00:00', '0000-00-00 00:00:00'),
(93, 1010510016, 'MUHAMMAD AMINULLAH', 'L', 'KURANG', 'KURANG', 'KURANG', 'KURANG', 'KURANG', 'KURANG', 'Tidak Tepat Waktu', '0000-00-00 00:00:00', '0000-00-00 00:00:00'),
(94, 1010510019, 'HENDRA', 'L', 'CUKUP', 'CUKUP', 'CUKUP', 'CUKUP', 'CUKUP', 'CUKUP', 'Tidak Tepat Waktu', '0000-00-00 00:00:00', '0000-00-00 00:00:00'),
(95, 1010510020, 'LALU RIZMAN HARIZ', 'L', 'KURANG', 'CUKUP', 'CUKUP', 'CUKUP', 'CUKUP', 'CUKUP', 'Tidak Tepat Waktu', '0000-00-00 00:00:00', '0000-00-00 00:00:00'),
(96, 1010510021, 'AHMAD ASRII', 'L', 'KURANG', 'KURANG', 'CUKUP', 'CUKUP', 'CUKUP', 'CUKUP', 'Tidak Tepat Waktu', '0000-00-00 00:00:00', '0000-00-00 00:00:00'),
(97, 1010510022, 'AMINAH', 'P', 'MEMUASKAN', 'MEMUASKAN', 'MEMUASKAN', 'MEMUASKAN', 'MEMUASKAN', 'MEMUASKAN', 'Tepat Waktu', '0000-00-00 00:00:00', '0000-00-00 00:00:00'),
(98, 1010510026, 'SATRIAWAN', 'L', 'CUKUP', 'CUKUP', 'CUKUP', 'CUKUP', 'CUKUP', 'CUKUP', 'Tidak Tepat Waktu', '0000-00-00 00:00:00', '0000-00-00 00:00:00'),
(99, 1010510028, 'RAHMAN HAKIM', 'L', 'KURANG', 'KURANG', 'KURANG', 'KURANG', 'KURANG', 'KURANG', 'Tidak Tepat Waktu', '0000-00-00 00:00:00', '0000-00-00 00:00:00'),
(100, 1010510029, 'MUHAMAD IRHAM', 'L', 'CUKUP', 'KURANG', 'CUKUP', 'CUKUP', 'KURANG', 'KURANG', 'Tidak Tepat Waktu', '0000-00-00 00:00:00', '0000-00-00 00:00:00'),
(101, 1010510030, 'MIKAIL RANAFA', 'L', 'CUKUP', 'CUKUP', 'CUKUP', 'CUKUP', 'MEMUASKAN', 'CUKUP', 'Tidak Tepat Waktu', '0000-00-00 00:00:00', '0000-00-00 00:00:00'),
(102, 1010510031, 'GUSTI BAGUS MAHENDRA W. TOTER', 'L', 'MEMUASKAN', 'MEMUASKAN', 'MEMUASKAN', 'MEMUASKAN', 'MEMUASKAN', 'MEMUASKAN', 'Tepat Waktu', '0000-00-00 00:00:00', '0000-00-00 00:00:00'),
(103, 1010510039, 'KURNIAWATI', 'P', 'MEMUASKAN', 'CUKUP', 'MEMUASKAN', 'MEMUASKAN', 'MEMUASKAN', 'MEMUASKAN', 'Tepat Waktu', '0000-00-00 00:00:00', '0000-00-00 00:00:00'),
(104, 1010510043, 'BAIQ PRISKAWATI', 'P', 'MEMUASKAN', 'MEMUASKAN', 'MEMUASKAN', 'MEMUASKAN', 'KURANG', 'CUKUP', 'Tidak Tepat Waktu', '0000-00-00 00:00:00', '0000-00-00 00:00:00'),
(105, 1010510045, 'SRI HANDAYANI', 'P', 'MEMUASKAN', 'CUKUP', 'MEMUASKAN', 'MEMUASKAN', 'MEMUASKAN', 'MEMUASKAN', 'Tepat Waktu', '0000-00-00 00:00:00', '0000-00-00 00:00:00'),
(106, 1010510047, 'AZIS SATRIONO JP', 'L', 'CUKUP', 'CUKUP', 'MEMUASKAN', 'MEMUASKAN', 'MEMUASKAN', 'CUKUP', 'Tidak Tepat Waktu', '0000-00-00 00:00:00', '0000-00-00 00:00:00'),
(107, 1010510052, 'SYAIFUDDIN AHMAD', 'L', 'KURANG', 'KURANG', 'CUKUP', 'CUKUP', 'CUKUP', 'CUKUP', 'Tidak Tepat Waktu', '0000-00-00 00:00:00', '0000-00-00 00:00:00'),
(108, 1010510053, 'AGUS PURNAWIRAWAN', 'L', 'KURANG', 'KURANG', 'KURANG', 'KURANG', 'KURANG', 'KURANG', 'Tidak Tepat Waktu', '0000-00-00 00:00:00', '0000-00-00 00:00:00'),
(109, 1010510056, 'AHMAD GURBANTARA', 'L', 'CUKUP', 'CUKUP', 'CUKUP', 'CUKUP', 'CUKUP', 'CUKUP', 'Tidak Tepat Waktu', '0000-00-00 00:00:00', '0000-00-00 00:00:00'),
(110, 1010510058, 'GUSTAO CHARDEA', 'L', 'MEMUASKAN', 'MEMUASKAN', 'MEMUASKAN', 'MEMUASKAN', 'MEMUASKAN', 'MEMUASKAN', 'Tepat Waktu', '0000-00-00 00:00:00', '0000-00-00 00:00:00'),
(111, 1010510059, 'DINI SANTOSO', 'L', 'KURANG', 'CUKUP', 'CUKUP', 'CUKUP', 'CUKUP', 'CUKUP', 'Tidak Tepat Waktu', '0000-00-00 00:00:00', '0000-00-00 00:00:00'),
(112, 1010510062, 'SUHAEBATUL ISLAMIAH', 'P', 'CUKUP', 'CUKUP', 'CUKUP', 'CUKUP', 'CUKUP', 'CUKUP', 'Tidak Tepat Waktu', '0000-00-00 00:00:00', '0000-00-00 00:00:00'),
(113, 1010510063, 'REDI KUSNADI', 'L', 'CUKUP', 'CUKUP', 'CUKUP', 'CUKUP', 'CUKUP', 'CUKUP', 'Tidak Tepat Waktu', '0000-00-00 00:00:00', '0000-00-00 00:00:00'),
(114, 1010510065, 'ADITYA KRISTIANTO', 'L', 'DENGAN PUJIAN', 'DENGAN PUJIAN', 'DENGAN PUJIAN', 'DENGAN PUJIAN', 'DENGAN PUJIAN', 'DENGAN PUJIAN', 'Tepat Waktu', '0000-00-00 00:00:00', '0000-00-00 00:00:00'),
(115, 1010510066, 'TAUFIK RAHMAN', 'L', 'KURANG', 'KURANG', 'KURANG', 'KURANG', 'KURANG', 'KURANG', 'Tidak Tepat Waktu', '0000-00-00 00:00:00', '0000-00-00 00:00:00'),
(116, 1010510076, 'I MADE YUDARTANA', 'L', 'KURANG', 'KURANG', 'CUKUP', 'CUKUP', 'CUKUP', 'CUKUP', 'Tidak Tepat Waktu', '0000-00-00 00:00:00', '0000-00-00 00:00:00'),
(117, 1010510079, 'I MADE WIRA GARGITA', 'L', 'KURANG', 'KURANG', 'CUKUP', 'CUKUP', 'CUKUP', 'CUKUP', 'Tidak Tepat Waktu', '0000-00-00 00:00:00', '0000-00-00 00:00:00'),
(118, 1010510080, 'ANDANG PRIYONO', 'L', 'KURANG', 'KURANG', 'KURANG', 'KURANG', 'CUKUP', 'KURANG', 'Tidak Tepat Waktu', '0000-00-00 00:00:00', '0000-00-00 00:00:00'),
(119, 1010510083, 'ILHAM', 'L', 'KURANG', 'KURANG', 'KURANG', 'MEMUASKAN', 'CUKUP', 'CUKUP', 'Tidak Tepat Waktu', '0000-00-00 00:00:00', '0000-00-00 00:00:00'),
(120, 1010510085, 'ARY PURNAWAN', 'L', 'CUKUP', 'KURANG', 'CUKUP', 'CUKUP', 'CUKUP', 'CUKUP', 'Tidak Tepat Waktu', '0000-00-00 00:00:00', '0000-00-00 00:00:00'),
(121, 1010510086, 'LAELY JANATUL HILMI', 'P', 'MEMUASKAN', 'MEMUASKAN', 'MEMUASKAN', 'MEMUASKAN', 'MEMUASKAN', 'MEMUASKAN', 'Tepat Waktu', '0000-00-00 00:00:00', '0000-00-00 00:00:00'),
(122, 1010510087, 'FEBTI YUDIA SANFANI', 'P', 'MEMUASKAN', 'MEMUASKAN', 'MEMUASKAN', 'MEMUASKAN', 'MEMUASKAN', 'MEMUASKAN', 'Tepat Waktu', '0000-00-00 00:00:00', '0000-00-00 00:00:00'),
(123, 1010510088, 'FIDYA ANGGISWARI', 'P', 'CUKUP', 'CUKUP', 'CUKUP', 'MEMUASKAN', 'CUKUP', 'CUKUP', 'Tidak Tepat Waktu', '0000-00-00 00:00:00', '0000-00-00 00:00:00'),
(124, 1010510102, 'AHMAD ABUZAR AL HAMDANI', 'L', 'KURANG', 'KURANG', 'CUKUP', 'CUKUP', 'CUKUP', 'CUKUP', 'Tidak Tepat Waktu', '0000-00-00 00:00:00', '0000-00-00 00:00:00'),
(125, 1010510104, 'KHARIYANUL FATHONI', 'L', 'CUKUP', 'CUKUP', 'CUKUP', 'CUKUP', 'DENGAN PUJIAN', 'MEMUASKAN', 'Tidak Tepat Waktu', '0000-00-00 00:00:00', '0000-00-00 00:00:00'),
(126, 1010510106, 'ZAENUL FANANI', 'L', 'KURANG', 'KURANG', 'KURANG', 'KURANG', 'KURANG', 'KURANG', 'Tidak Tepat Waktu', '0000-00-00 00:00:00', '0000-00-00 00:00:00'),
(127, 1010510109, 'SANGGATARU ASA CHONIDIA', 'L', 'CUKUP', 'CUKUP', 'CUKUP', 'CUKUP', 'CUKUP', 'CUKUP', 'Tidak Tepat Waktu', '0000-00-00 00:00:00', '0000-00-00 00:00:00'),
(128, 1010510110, 'BUDI WARMAN', 'L', 'KURANG', 'KURANG', 'KURANG', 'KURANG', 'KURANG', 'KURANG', 'Tidak Tepat Waktu', '0000-00-00 00:00:00', '0000-00-00 00:00:00'),
(129, 1010520120, 'MOHAMMAD TANWIR', 'L', 'CUKUP', 'CUKUP', 'CUKUP', 'CUKUP', 'CUKUP', 'CUKUP', 'Tidak Tepat Waktu', '0000-00-00 00:00:00', '0000-00-00 00:00:00'),
(130, 1010520127, 'PUTRAJI', 'L', 'MEMUASKAN', 'MEMUASKAN', 'MEMUASKAN', 'MEMUASKAN', 'MEMUASKAN', 'MEMUASKAN', 'Tepat Waktu', '0000-00-00 00:00:00', '0000-00-00 00:00:00'),
(131, 1010520130, 'DENNY IRVAN BUDIMAN', 'L', 'KURANG', 'KURANG', 'KURANG', 'MEMUASKAN', 'CUKUP', 'CUKUP', 'Tidak Tepat Waktu', '0000-00-00 00:00:00', '0000-00-00 00:00:00'),
(132, 1010520131, 'NITA ASTUTI', 'P', 'KURANG', 'KURANG', 'KURANG', 'CUKUP', 'CUKUP', 'KURANG', 'Tidak Tepat Waktu', '0000-00-00 00:00:00', '0000-00-00 00:00:00'),
(133, 1010520133, 'FIDIATUN VIDAIAH', 'P', 'CUKUP', 'CUKUP', 'CUKUP', 'CUKUP', 'CUKUP', 'CUKUP', 'Tidak Tepat Waktu', '0000-00-00 00:00:00', '0000-00-00 00:00:00'),
(134, 1010520134, 'AHMAD SUPIANDI', 'L', 'CUKUP', 'CUKUP', 'DENGAN PUJIAN', 'CUKUP', 'CUKUP', 'CUKUP', 'Tidak Tepat Waktu', '0000-00-00 00:00:00', '0000-00-00 00:00:00'),
(135, 1010520138, 'HAMZAN WADI', 'L', 'CUKUP', 'CUKUP', 'CUKUP', 'CUKUP', 'KURANG', 'CUKUP', 'Tidak Tepat Waktu', '0000-00-00 00:00:00', '0000-00-00 00:00:00'),
(136, 1010520139, 'ABDUL HAMID MAJDI', 'L', 'MEMUASKAN', 'CUKUP', 'MEMUASKAN', 'MEMUASKAN', 'MEMUASKAN', 'MEMUASKAN', 'Tepat Waktu', '0000-00-00 00:00:00', '0000-00-00 00:00:00'),
(137, 1010520145, 'SUMARNO', 'L', 'KURANG', 'KURANG', 'KURANG', 'KURANG', 'KURANG', 'KURANG', 'Tidak Tepat Waktu', '0000-00-00 00:00:00', '0000-00-00 00:00:00'),
(138, 1010520148, 'MUHAMMAD YANI', 'L', 'MEMUASKAN', 'CUKUP', 'MEMUASKAN', 'MEMUASKAN', 'MEMUASKAN', 'MEMUASKAN', 'Tepat Waktu', '0000-00-00 00:00:00', '0000-00-00 00:00:00'),
(139, 1010520158, 'M. RIZKI YUNIAR APRIL AFFANDI', 'L', 'CUKUP', 'CUKUP', 'CUKUP', 'CUKUP', 'CUKUP', 'CUKUP', 'Tidak Tepat Waktu', '0000-00-00 00:00:00', '0000-00-00 00:00:00'),
(140, 1010520163, 'AHMAD TOHRI', 'L', 'KURANG', 'CUKUP', 'CUKUP', 'CUKUP', 'CUKUP', 'CUKUP', 'Tidak Tepat Waktu', '0000-00-00 00:00:00', '0000-00-00 00:00:00'),
(141, 1010520166, 'IWAN SAPUTRA', 'L', 'CUKUP', 'CUKUP', 'CUKUP', 'CUKUP', 'CUKUP', 'CUKUP', 'Tidak Tepat Waktu', '0000-00-00 00:00:00', '0000-00-00 00:00:00'),
(142, 1010520167, 'M. KARMIN', 'L', 'MEMUASKAN', 'MEMUASKAN', 'MEMUASKAN', 'MEMUASKAN', 'MEMUASKAN', 'MEMUASKAN', 'Tepat Waktu', '0000-00-00 00:00:00', '0000-00-00 00:00:00'),
(143, 1010520172, 'DIDIK REJA P', 'L', 'MEMUASKAN', 'MEMUASKAN', 'MEMUASKAN', 'MEMUASKAN', 'MEMUASKAN', 'MEMUASKAN', 'Tepat Waktu', '0000-00-00 00:00:00', '0000-00-00 00:00:00'),
(144, 1010520173, 'RAHMAT HIDAYAT', 'L', 'MEMUASKAN', 'MEMUASKAN', 'MEMUASKAN', 'MEMUASKAN', 'DENGAN PUJIAN', 'MEMUASKAN', 'Tepat Waktu', '0000-00-00 00:00:00', '0000-00-00 00:00:00'),
(145, 1010520179, 'LALU AMIR HAMZAH', 'L', 'KURANG', 'KURANG', 'KURANG', 'KURANG', 'KURANG', 'KURANG', 'Tidak Tepat Waktu', '0000-00-00 00:00:00', '0000-00-00 00:00:00'),
(146, 1010520180, 'DENI IRMANSYAH', 'L', 'CUKUP', 'CUKUP', 'CUKUP', 'CUKUP', 'CUKUP', 'CUKUP', 'Tidak Tepat Waktu', '0000-00-00 00:00:00', '0000-00-00 00:00:00'),
(147, 1010520183, 'IRHAM', 'L', 'CUKUP', 'CUKUP', 'CUKUP', 'CUKUP', 'MEMUASKAN', 'CUKUP', 'Tidak Tepat Waktu', '0000-00-00 00:00:00', '0000-00-00 00:00:00'),
(148, 1010520186, 'B. LINA MARWATI', 'P', 'MEMUASKAN', 'MEMUASKAN', 'MEMUASKAN', 'MEMUASKAN', 'MEMUASKAN', 'MEMUASKAN', 'Tepat Waktu', '0000-00-00 00:00:00', '0000-00-00 00:00:00'),
(149, 1010520199, 'ZAENUDIN ARIFIN', 'L', 'CUKUP', 'CUKUP', 'CUKUP', 'CUKUP', 'CUKUP', 'CUKUP', 'Tidak Tepat Waktu', '0000-00-00 00:00:00', '0000-00-00 00:00:00'),
(150, 1010530203, 'GALIH SEMBADRA', 'L', 'MEMUASKAN', 'MEMUASKAN', 'MEMUASKAN', 'MEMUASKAN', 'MEMUASKAN', 'MEMUASKAN', 'Tepat Waktu', '0000-00-00 00:00:00', '0000-00-00 00:00:00'),
(151, 1010530204, 'MUHAMMAD KHIRUL HIDAYAT', 'L', 'KURANG', 'KURANG', 'KURANG', 'KURANG', 'KURANG', 'KURANG', 'Tidak Tepat Waktu', '0000-00-00 00:00:00', '0000-00-00 00:00:00'),
(152, 1010530206, 'SULHADI IRAWAN', 'L', 'CUKUP', 'CUKUP', 'CUKUP', 'CUKUP', 'CUKUP', 'CUKUP', 'Tidak Tepat Waktu', '0000-00-00 00:00:00', '0000-00-00 00:00:00'),
(153, 1010530208, 'ANGGRA KUSUMA WARDANA', 'L', 'CUKUP', 'CUKUP', 'CUKUP', 'CUKUP', 'CUKUP', 'CUKUP', 'Tidak Tepat Waktu', '0000-00-00 00:00:00', '0000-00-00 00:00:00'),
(154, 1010530209, 'ROZIKIN', 'L', 'KURANG', 'KURANG', 'CUKUP', 'CUKUP', 'CUKUP', 'CUKUP', 'Tidak Tepat Waktu', '0000-00-00 00:00:00', '0000-00-00 00:00:00'),
(155, 1010530212, 'SUPIANI', 'P', 'MEMUASKAN', 'MEMUASKAN', 'MEMUASKAN', 'MEMUASKAN', 'MEMUASKAN', 'MEMUASKAN', 'Tepat Waktu', '0000-00-00 00:00:00', '0000-00-00 00:00:00'),
(156, 1010530213, 'HENI HIDAYATI', 'P', 'CUKUP', 'CUKUP', 'CUKUP', 'CUKUP', 'CUKUP', 'CUKUP', 'Tidak Tepat Waktu', '0000-00-00 00:00:00', '0000-00-00 00:00:00'),
(157, 1010530220, 'NANANG ALFIAN M.A.A', 'L', 'CUKUP', 'CUKUP', 'CUKUP', 'CUKUP', 'CUKUP', 'CUKUP', 'Tidak Tepat Waktu', '0000-00-00 00:00:00', '0000-00-00 00:00:00'),
(158, 1010530223, 'KOMANG KOMALA SARI', 'P', 'KURANG', 'KURANG', 'KURANG', 'KURANG', 'KURANG', 'KURANG', 'Tidak Tepat Waktu', '0000-00-00 00:00:00', '0000-00-00 00:00:00'),
(159, 1010530227, 'ROHUL JANNAH', 'P', 'MEMUASKAN', 'CUKUP', 'CUKUP', 'MEMUASKAN', 'MEMUASKAN', 'CUKUP', 'Tidak Tepat Waktu', '0000-00-00 00:00:00', '0000-00-00 00:00:00'),
(160, 1010530229, 'AKHMAD SEPTIYAN BUDHIARMAN', 'L', 'KURANG', 'KURANG', 'KURANG', 'KURANG', 'KURANG', 'KURANG', 'Tidak Tepat Waktu', '0000-00-00 00:00:00', '0000-00-00 00:00:00'),
(161, 1010530234, 'NURWAHIDAH RAMDANIAH', 'P', 'CUKUP', 'MEMUASKAN', 'MEMUASKAN', 'MEMUASKAN', 'MEMUASKAN', 'MEMUASKAN', 'Tepat Waktu', '0000-00-00 00:00:00', '0000-00-00 00:00:00'),
(162, 1010530240, 'CHINTARA DICA PRAYURA', 'P', 'KURANG', 'KURANG', 'CUKUP', 'CUKUP', 'CUKUP', 'CUKUP', 'Tidak Tepat Waktu', '0000-00-00 00:00:00', '0000-00-00 00:00:00'),
(163, 1010530241, 'AL-KHAFID IMAMUDDIN', 'L', 'KURANG', 'KURANG', 'KURANG', 'KURANG', 'KURANG', 'KURANG', 'Tidak Tepat Waktu', '0000-00-00 00:00:00', '0000-00-00 00:00:00'),
(164, 1010530243, 'LALU JUNDA YADI YULIADI', 'L', 'KURANG', 'KURANG', 'KURANG', 'KURANG', 'KURANG', 'KURANG', 'Tidak Tepat Waktu', '0000-00-00 00:00:00', '0000-00-00 00:00:00'),
(165, 1010530245, 'I MADE BUDI SUDIPTA', 'L', 'KURANG', 'KURANG', 'KURANG', 'KURANG', 'KURANG', 'KURANG', 'Tidak Tepat Waktu', '0000-00-00 00:00:00', '0000-00-00 00:00:00'),
(166, 1010530247, 'HURIAH', 'P', 'KURANG', 'KURANG', 'KURANG', 'CUKUP', 'CUKUP', 'KURANG', 'Tidak Tepat Waktu', '0000-00-00 00:00:00', '0000-00-00 00:00:00'),
(167, 1010530248, 'YUSUF HENDRA PRATAMA', 'L', 'CUKUP', 'CUKUP', 'CUKUP', 'CUKUP', 'CUKUP', 'CUKUP', 'Tidak Tepat Waktu', '0000-00-00 00:00:00', '0000-00-00 00:00:00'),
(168, 1010530252, 'OYIQ MUCHAMMAD AULIA', 'L', 'KURANG', 'CUKUP', 'KURANG', 'CUKUP', 'CUKUP', 'CUKUP', 'Tidak Tepat Waktu', '0000-00-00 00:00:00', '0000-00-00 00:00:00'),
(169, 1010530253, 'SAMSU HAIDI', 'L', 'KURANG', 'KURANG', 'KURANG', 'KURANG', 'KURANG', 'KURANG', 'Tidak Tepat Waktu', '0000-00-00 00:00:00', '0000-00-00 00:00:00'),
(170, 1010530257, 'KASFILUL HADI', 'L', 'CUKUP', 'CUKUP', 'KURANG', 'CUKUP', 'CUKUP', 'CUKUP', 'Tidak Tepat Waktu', '0000-00-00 00:00:00', '0000-00-00 00:00:00'),
(171, 1010530263, 'IPAN MAULANA', 'L', 'KURANG', 'KURANG', 'KURANG', 'KURANG', 'KURANG', 'KURANG', 'Tidak Tepat Waktu', '0000-00-00 00:00:00', '0000-00-00 00:00:00'),
(172, 1010530267, 'AHMAD SHOBIRIN', 'L', 'CUKUP', 'CUKUP', 'CUKUP', 'CUKUP', 'CUKUP', 'CUKUP', 'Tidak Tepat Waktu', '0000-00-00 00:00:00', '0000-00-00 00:00:00'),
(173, 1010530270, 'ANDI KURNIA WAHYUDI', 'L', 'CUKUP', 'CUKUP', 'CUKUP', 'CUKUP', 'CUKUP', 'CUKUP', 'Tidak Tepat Waktu', '0000-00-00 00:00:00', '0000-00-00 00:00:00'),
(174, 1010530272, 'ANDI YANA EKA NADI', 'L', 'KURANG', 'KURANG', 'KURANG', 'CUKUP', 'CUKUP', 'KURANG', 'Tidak Tepat Waktu', '0000-00-00 00:00:00', '0000-00-00 00:00:00'),
(175, 1010530278, 'SANTUN FUADY', 'L', 'KURANG', 'KURANG', 'KURANG', 'KURANG', 'KURANG', 'KURANG', 'Tidak Tepat Waktu', '0000-00-00 00:00:00', '0000-00-00 00:00:00'),
(176, 1010530286, 'MUHAMMAD BAHRU AZHARI', 'L', 'KURANG', 'KURANG', 'KURANG', 'CUKUP', 'CUKUP', 'KURANG', 'Tidak Tepat Waktu', '0000-00-00 00:00:00', '0000-00-00 00:00:00'),
(177, 1010530287, 'YASIKA', 'P', 'CUKUP', 'KURANG', 'KURANG', 'CUKUP', 'CUKUP', 'CUKUP', 'Tidak Tepat Waktu', '0000-00-00 00:00:00', '0000-00-00 00:00:00'),
(178, 1010530288, 'AKHMAD SUPRATMAN', 'L', 'KURANG', 'KURANG', 'KURANG', 'KURANG', 'KURANG', 'KURANG', 'Tidak Tepat Waktu', '0000-00-00 00:00:00', '0000-00-00 00:00:00'),
(179, 1010530289, 'IDA BAGUS WISNU ADITYA', 'L', 'KURANG', 'KURANG', 'CUKUP', 'CUKUP', 'CUKUP', 'CUKUP', 'Tidak Tepat Waktu', '0000-00-00 00:00:00', '0000-00-00 00:00:00'),
(180, 1010530291, 'AHMAD NAJI', 'L', 'KURANG', 'KURANG', 'KURANG', 'KURANG', 'KURANG', 'KURANG', 'Tidak Tepat Waktu', '0000-00-00 00:00:00', '0000-00-00 00:00:00'),
(181, 1010530292, 'NENGAH BUDIARTHA', 'L', 'MEMUASKAN', 'MEMUASKAN', 'MEMUASKAN', 'MEMUASKAN', 'MEMUASKAN', 'MEMUASKAN', 'Tepat Waktu', '0000-00-00 00:00:00', '0000-00-00 00:00:00'),
(182, 1010530293, 'MUH. JANWARDI AKROM', 'L', 'CUKUP', 'CUKUP', 'CUKUP', 'CUKUP', 'CUKUP', 'CUKUP', 'Tidak Tepat Waktu', '0000-00-00 00:00:00', '0000-00-00 00:00:00'),
(183, 1010530294, 'ALFINDA LIANI', 'P', 'KURANG', 'KURANG', 'KURANG', 'CUKUP', 'CUKUP', 'KURANG', 'Tidak Tepat Waktu', '0000-00-00 00:00:00', '0000-00-00 00:00:00'),
(184, 1010530295, 'NITA OLYMPIA', 'P', 'MEMUASKAN', 'MEMUASKAN', 'MEMUASKAN', 'MEMUASKAN', 'MEMUASKAN', 'MEMUASKAN', 'Tepat Waktu', '0000-00-00 00:00:00', '0000-00-00 00:00:00'),
(185, 1110530247, 'Deviana Ayu Lestari', 'P', 'MEMUASKAN', 'MEMUASKAN', 'MEMUASKAN', 'MEMUASKAN', 'MEMUASKAN', 'MEMUASKAN', 'Tepat Waktu', '0000-00-00 00:00:00', '0000-00-00 00:00:00'),
(186, 1110530252, 'Abdul Razak', 'L', 'CUKUP', 'KURANG', 'CUKUP', 'MEMUASKAN', 'MEMUASKAN', 'CUKUP', 'Tidak Tepat Waktu', '0000-00-00 00:00:00', '0000-00-00 00:00:00'),
(187, 1110530259, 'Maya Astria', 'L', 'CUKUP', 'CUKUP', 'MEMUASKAN', 'MEMUASKAN', 'MEMUASKAN', 'MEMUASKAN', 'Tidak Tepat Waktu', '0000-00-00 00:00:00', '0000-00-00 00:00:00'),
(188, 1110530275, 'Ninsi Putriana Devi', 'P', 'MEMUASKAN', 'CUKUP', 'CUKUP', 'MEMUASKAN', 'CUKUP', 'CUKUP', 'Tidak Tepat Waktu', '0000-00-00 00:00:00', '0000-00-00 00:00:00'),
(189, 1210510003, 'Syamsul Hakim', 'L', 'DENGAN PUJIAN', 'MEMUASKAN', 'MEMUASKAN', 'KURANG', 'CUKUP', 'CUKUP', 'Tepat Waktu', '0000-00-00 00:00:00', '0000-00-00 00:00:00'),
(190, 1210510006, 'Bahrul Hidayat', 'L', 'DENGAN PUJIAN', 'DENGAN PUJIAN', 'DENGAN PUJIAN', 'MEMUASKAN', 'MEMUASKAN', 'MEMUASKAN', 'Tepat Waktu', '0000-00-00 00:00:00', '0000-00-00 00:00:00'),
(191, 1210520029, 'Ahmad Junaidi', 'L', 'MEMUASKAN', 'MEMUASKAN', 'MEMUASKAN', 'MEMUASKAN', 'DENGAN PUJIAN', 'MEMUASKAN', 'Tepat Waktu', '0000-00-00 00:00:00', '0000-00-00 00:00:00'),
(192, 1210520070, 'Baiq Ela Nopita Lestari', 'P', 'DENGAN PUJIAN', 'MEMUASKAN', 'MEMUASKAN', 'MEMUASKAN', 'DENGAN PUJIAN', 'MEMUASKAN', 'Tepat Waktu', '0000-00-00 00:00:00', '0000-00-00 00:00:00');

-- --------------------------------------------------------

--
-- Table structure for table `users`
--

CREATE TABLE `users` (
  `id` bigint(20) UNSIGNED NOT NULL,
  `name` varchar(255) COLLATE utf8mb4_unicode_ci NOT NULL,
  `email` varchar(255) COLLATE utf8mb4_unicode_ci NOT NULL,
  `email_verified_at` timestamp NULL DEFAULT NULL,
  `password` varchar(255) COLLATE utf8mb4_unicode_ci NOT NULL,
  `remember_token` varchar(100) COLLATE utf8mb4_unicode_ci DEFAULT NULL,
  `hak_akses` varchar(25) COLLATE utf8mb4_unicode_ci NOT NULL,
  `created_at` timestamp NULL DEFAULT NULL,
  `updated_at` timestamp NULL DEFAULT NULL
) ENGINE=InnoDB DEFAULT CHARSET=utf8mb4 COLLATE=utf8mb4_unicode_ci;

--
-- Dumping data for table `users`
--

INSERT INTO `users` (`id`, `name`, `email`, `email_verified_at`, `password`, `remember_token`, `hak_akses`, `created_at`, `updated_at`) VALUES
(7, 'Donny Kurniawan', 'donyacm25@gmail.com', NULL, '$2y$10$i3TSs3AwFYw05K.1bnOTne9axulACPlYB5tKPzsV2mePClDcT8t3i', NULL, 'Admin', '2020-01-18 19:30:34', '2020-01-18 19:30:34'),
(9, 'Lilik', 'liliknurhayati1997@gmail.com', NULL, '$2y$10$b6G3XopC/t5thalD6Cmal.0ZiJuvStGIjELHIMD1S7OTqc9hd1NsS', NULL, 'Mahasiswa', '2020-02-02 19:32:58', '2020-02-02 19:34:10'),
(10, 'raghib', 'raghib@gmail.com', NULL, '$2y$10$NvgO/Cd9BjXKx2moYZIpMukUhm8/Zw02QQdCXgwGNUmnrnxzUA6i.', NULL, 'Mahasiswa', '2020-02-10 06:50:19', '2020-02-10 06:50:19'),
(11, 'Mahasiswa', 'mahasiswa@gmail.com', NULL, '$2y$10$YufKpgMZ8GSrDr039Kj4G.yZ48OAi2NsLLq1UfvPIJrz6CX9cKWkW', NULL, 'Mahasiswa', '2020-02-10 18:06:27', '2020-02-10 18:06:27');

--
-- Indexes for dumped tables
--

--
-- Indexes for table `failed_jobs`
--
ALTER TABLE `failed_jobs`
  ADD PRIMARY KEY (`id`);

--
-- Indexes for table `migrations`
--
ALTER TABLE `migrations`
  ADD PRIMARY KEY (`id`);

--
-- Indexes for table `notifications`
--
ALTER TABLE `notifications`
  ADD PRIMARY KEY (`id`),
  ADD KEY `notifications_notifiable_type_notifiable_id_index` (`notifiable_type`,`notifiable_id`);

--
-- Indexes for table `password_resets`
--
ALTER TABLE `password_resets`
  ADD KEY `password_resets_email_index` (`email`);

--
-- Indexes for table `tbl_mahasiswa`
--
ALTER TABLE `tbl_mahasiswa`
  ADD PRIMARY KEY (`id`);

--
-- Indexes for table `tbl_registrasi`
--
ALTER TABLE `tbl_registrasi`
  ADD PRIMARY KEY (`id`);

--
-- Indexes for table `tbl_temp`
--
ALTER TABLE `tbl_temp`
  ADD PRIMARY KEY (`id`),
  ADD KEY `Nim` (`Nim`);

--
-- Indexes for table `tbl_testing`
--
ALTER TABLE `tbl_testing`
  ADD PRIMARY KEY (`id`);

--
-- Indexes for table `tbl_training`
--
ALTER TABLE `tbl_training`
  ADD PRIMARY KEY (`id`);

--
-- Indexes for table `users`
--
ALTER TABLE `users`
  ADD PRIMARY KEY (`id`),
  ADD UNIQUE KEY `users_email_unique` (`email`);

--
-- AUTO_INCREMENT for dumped tables
--

--
-- AUTO_INCREMENT for table `failed_jobs`
--
ALTER TABLE `failed_jobs`
  MODIFY `id` bigint(20) UNSIGNED NOT NULL AUTO_INCREMENT;

--
-- AUTO_INCREMENT for table `migrations`
--
ALTER TABLE `migrations`
  MODIFY `id` int(10) UNSIGNED NOT NULL AUTO_INCREMENT, AUTO_INCREMENT=5;

--
-- AUTO_INCREMENT for table `tbl_mahasiswa`
--
ALTER TABLE `tbl_mahasiswa`
  MODIFY `id` int(11) NOT NULL AUTO_INCREMENT, AUTO_INCREMENT=296;

--
-- AUTO_INCREMENT for table `tbl_registrasi`
--
ALTER TABLE `tbl_registrasi`
  MODIFY `id` int(11) NOT NULL AUTO_INCREMENT, AUTO_INCREMENT=4;

--
-- AUTO_INCREMENT for table `tbl_temp`
--
ALTER TABLE `tbl_temp`
  MODIFY `id` int(11) NOT NULL AUTO_INCREMENT, AUTO_INCREMENT=49;

--
-- AUTO_INCREMENT for table `tbl_training`
--
ALTER TABLE `tbl_training`
  MODIFY `id` int(11) NOT NULL AUTO_INCREMENT, AUTO_INCREMENT=266;

--
-- AUTO_INCREMENT for table `users`
--
ALTER TABLE `users`
  MODIFY `id` bigint(20) UNSIGNED NOT NULL AUTO_INCREMENT, AUTO_INCREMENT=12;
COMMIT;

/*!40101 SET CHARACTER_SET_CLIENT=@OLD_CHARACTER_SET_CLIENT */;
/*!40101 SET CHARACTER_SET_RESULTS=@OLD_CHARACTER_SET_RESULTS */;
/*!40101 SET COLLATION_CONNECTION=@OLD_COLLATION_CONNECTION */;
